event_date,event_name,fighter_blue,fighter_red,knockdowns_blue,knockdowns_red,sig_attempts_blue,sig_attempts_red,sig_strikes_blue,sig_strikes_red,total_strikes_attempts_blue,total_strikes_attempts_red,total_strikes_blue,total_strikes_red,sub_attempts_blue,sub_attempts_red,takedowns_blue,takedowns_red,takedown_attempts_blue,takedown_attempts_red,control_time_blue,control_time_red,head_strikes_red,head_strikes_blue,head_attempts_red,head_attempts_blue,body_strikes_red,body_strikes_blue,body_attempts_red,body_attempts_blue,leg_strikes_red,leg_strikes_blue,leg_attempts_red,leg_attempts_blue,distance_red,distance_blue,distance_attempts_red,distance_attempts_blue,clinch_strikes_red,clinch_strikes_blue,clinch_attempts_red,clinch_attempts_blue,ground_strikes_red,ground_strikes_blue,ground_attempts_red,ground_attempts_blue,round,time,weight_class,win_method,winner
2025-02-22,UFC Fight Night: Cejudo vs. Song,Julius Walker,Alonzo Menifield,0,0,171,147,86,87,200,179,114,113,0,0,1,0,9,1,331,43,64,37,120,112,19,33,22,43,4,16,5,16,78,51,132,124,9,35,15,47,0,0,0,0,3,300,Light Heavyweight,Decision - Split,Alonzo Menifield
2025-02-22,UFC Fight Night: Cejudo vs. Song,Rafael Cerqueira,Modestas Bukauskas,0,1,22,41,9,16,22,41,9,16,0,0,0,0,0,0,0,2,11,4,36,16,3,0,3,1,2,5,2,5,16,9,40,22,0,0,0,0,0,0,1,0,1,132,Light Heavyweight,KO/TKO,Modestas Bukauskas
2025-02-22,UFC Fight Night: Cejudo vs. Song,Eric McConico,Nursulton Ruziboev,0,2,13,42,5,20,16,46,6,24,0,0,0,0,0,0,0,36,15,1,35,5,4,1,6,3,1,3,1,5,13,5,30,13,6,0,11,0,1,0,1,0,2,33,Middleweight,KO/TKO,Nursulton Ruziboev
2025-02-22,UFC Fight Night: Cejudo vs. Song,Javid Basharat,Ricky Simon,0,1,36,21,20,11,38,29,21,18,0,0,0,1,0,3,1,76,9,12,19,27,1,7,1,7,1,1,1,2,9,20,18,36,1,0,2,0,1,0,1,0,1,238,Bantamweight,KO/TKO,Ricky Simon
2025-02-22,UFC Fight Night: Cejudo vs. Song,Austin Vanderford,Nikolay Veretennikov,0,0,52,19,39,5,121,36,102,21,1,0,2,0,4,0,441,0,0,37,12,50,3,1,5,1,2,1,2,1,5,3,19,8,0,0,0,0,0,36,0,44,2,253,Catch Weight,KO/TKO,Austin Vanderford
2025-02-22,UFC Fight Night: Cejudo vs. Song,Nick Klein,Mansur Abdul-Malik,0,0,46,54,28,29,70,58,50,32,0,0,1,1,9,3,181,35,28,5,53,18,1,2,1,5,0,21,0,23,6,26,20,43,12,2,19,3,11,0,15,0,2,204,Middleweight,KO/TKO,Mansur Abdul-Malik
2025-02-22,UFC Fight Night: Cejudo vs. Song,Ibo Aslan,Ion Cutelaba,0,0,30,31,15,14,30,39,15,17,0,1,0,2,0,4,0,66,10,14,26,28,2,0,3,1,2,1,2,1,10,12,26,27,1,3,2,3,3,0,3,0,1,171,Light Heavyweight,Submission,Ion Cutelaba
2025-02-22,UFC Fight Night: Cejudo vs. Song,Melquizael Costa,Andre Fili,0,0,56,24,27,7,56,24,27,7,1,0,0,1,1,1,0,24,4,3,20,25,3,10,4,13,0,14,0,18,7,26,24,55,0,1,0,1,0,0,0,0,1,270,Featherweight,Submission,Melquizael Costa
2025-02-22,UFC Fight Night: Cejudo vs. Song,Melsik Baghdasaryan,Jean Silva,0,1,25,27,7,18,25,27,7,18,0,0,0,0,0,0,0,6,11,5,19,20,7,0,8,3,0,2,0,2,11,7,20,25,0,0,0,0,7,0,7,0,1,255,Featherweight,KO/TKO,Jean Silva
2025-02-22,UFC Fight Night: Cejudo vs. Song,Jean Matsumoto,Rob Font,0,0,181,171,77,95,225,191,113,113,0,1,7,0,10,0,375,78,82,43,157,135,13,9,14,13,0,25,0,33,85,69,157,169,10,8,14,12,0,0,0,0,3,300,Catch Weight,Decision - Split,Rob Font
2025-02-22,UFC Fight Night: Cejudo vs. Song,Song Yadong,Henry Cejudo,0,0,178,133,84,67,178,133,84,67,0,0,0,0,1,3,0,0,40,46,100,133,12,14,18,21,15,24,15,24,67,82,132,176,0,2,1,2,0,0,0,0,3,300,Bantamweight,Decision - Unanimous,Song Yadong
2025-02-22,UFC Fight Night: Cejudo vs. Song,Anthony Hernandez,Brendan Allen,0,0,42,26,30,14,91,71,72,53,0,1,4,0,8,1,622,178,8,30,19,42,3,0,3,0,3,0,4,0,10,12,22,17,2,0,2,1,2,18,2,24,3,300,Middleweight,Decision - Unanimous,Anthony Hernandez
2025-03-01,UFC Fight Night: Kape vs. Almabayev,JJ Aldrich,Andrea Lee,0,0,137,175,74,53,142,192,77,66,0,1,2,1,3,4,80,46,13,54,109,114,25,10,44,13,15,10,22,10,52,68,174,130,1,5,1,6,0,1,0,1,3,300,Women's Flyweight,Decision - Unanimous,JJ Aldrich
2025-03-01,UFC Fight Night: Kape vs. Almabayev,Ramazan Temirov,Charles Johnson,0,0,139,156,55,66,146,183,59,87,0,0,1,0,2,3,23,78,28,42,104,117,23,13,32,22,15,0,20,0,46,46,129,118,20,9,27,19,0,0,0,2,3,300,Flyweight,Decision - Unanimous,Ramazan Temirov
2025-03-01,UFC Fight Night: Kape vs. Almabayev,Mario Pinto,Austen Lane,1,1,23,63,13,32,26,75,16,36,0,0,0,0,1,1,18,53,17,8,42,18,13,2,17,2,2,3,4,3,31,12,58,20,1,1,5,2,0,0,0,1,2,39,Heavyweight,KO/TKO,Mario Pinto
2025-03-01,UFC Fight Night: Kape vs. Almabayev,William Gomis,Hyder Amil,0,0,187,202,101,115,205,262,116,164,0,0,0,1,3,6,82,163,60,60,140,134,37,27,42,39,18,14,20,14,98,90,180,169,15,11,20,18,2,0,2,0,3,300,Featherweight,Decision - Split,Hyder Amil
2025-03-01,UFC Fight Night: Kape vs. Almabayev,Sam Patterson,Danny Barlow,1,0,34,30,18,15,34,30,18,15,0,0,0,0,0,0,3,0,10,14,23,28,2,4,3,6,3,0,4,0,15,15,30,29,0,0,0,0,0,3,0,5,1,190,Welterweight,KO/TKO,Sam Patterson
2025-03-01,UFC Fight Night: Kape vs. Almabayev,Chepe Mariscal,Ricardo Ramos,0,0,162,91,85,37,210,91,125,37,0,0,2,1,5,4,155,28,17,59,63,122,14,9,18,14,6,17,10,26,32,64,84,132,5,14,7,19,0,7,0,11,3,300,Featherweight,Decision - Unanimous,Chepe Mariscal
2025-03-01,UFC Fight Night: Kape vs. Almabayev,Esteban Ribovics,Nasrat Haqparast,0,0,433,273,147,135,436,273,149,135,0,0,0,1,0,5,0,49,103,120,233,395,26,17,34,27,6,10,6,11,134,147,272,433,1,0,1,0,0,0,0,0,3,300,Lightweight,Decision - Split,Nasrat Haqparast
2025-03-01,UFC Fight Night: Kape vs. Almabayev,Julian Marquez,Cody Brundage,0,1,73,79,37,44,96,106,53,68,1,0,0,0,0,1,30,48,39,31,71,64,1,5,2,8,4,1,6,1,34,24,65,51,5,13,8,22,5,0,6,0,1,285,Middleweight,KO/TKO,Cody Brundage
2025-03-01,UFC Fight Night: Kape vs. Almabayev,Asu Almabayev,Manel Kape,0,0,80,115,40,61,81,119,40,62,0,0,0,0,6,1,0,29,47,19,95,55,11,13,17,17,3,8,3,8,46,38,94,77,9,2,15,3,6,0,6,0,3,136,Flyweight,KO/TKO,Manel Kape
2025-03-01,UFC Fight Night: Kape vs. Almabayev,Lucas Almeida,Danny Silva,0,0,240,137,74,82,244,141,78,85,0,0,0,1,1,3,17,49,45,49,96,203,14,14,18,23,23,11,23,14,81,73,133,239,0,1,2,1,1,0,2,0,3,300,Featherweight,Decision - Split,Danny Silva
2025-03-08,UFC 313: Pereira vs. Ankalaev,Francis Marshall,Mairon Santos,0,0,143,129,39,58,179,154,64,78,0,0,3,0,5,1,155,2,29,32,80,136,14,1,30,1,15,6,19,6,57,39,128,142,1,0,1,0,0,0,0,1,3,300,Featherweight,Decision - Split,Mairon Santos
2025-03-08,UFC 313: Pereira vs. Ankalaev,Carlos Leal,Alex Morono,0,0,120,95,79,40,123,96,81,41,0,0,0,0,0,1,3,20,32,49,82,89,4,28,9,29,4,2,4,2,35,54,87,91,5,25,8,29,0,0,0,0,1,256,Welterweight,KO/TKO,Carlos Leal
2025-03-08,UFC 313: Pereira vs. Ankalaev,Armen Petrosyan,Brunno Ferreira,0,0,83,56,46,27,84,63,47,31,0,1,0,2,0,7,0,72,14,19,40,54,9,7,10,7,4,20,6,22,25,46,53,83,2,0,3,0,0,0,0,0,2,267,Middleweight,Submission,Brunno Ferreira
2025-03-08,UFC 313: Pereira vs. Ankalaev,Iasmin Lucindo,Amanda Lemos,0,0,16,21,4,12,56,42,40,30,0,0,1,3,1,5,244,478,8,2,16,12,2,2,3,3,2,0,2,1,7,1,14,13,1,2,1,2,4,1,6,1,3,300,Women's Strawweight,Decision - Unanimous,Amanda Lemos
2025-03-08,UFC 313: Pereira vs. Ankalaev,Rei Tsuruya,Joshua Van,0,0,84,97,32,59,104,169,47,127,0,0,4,0,21,0,229,50,39,28,74,78,19,2,22,4,1,2,1,2,53,32,90,83,5,0,5,1,1,0,2,0,3,300,Flyweight,Decision - Unanimous,Joshua Van
2025-03-08,UFC 313: Pereira vs. Ankalaev,Rafael Fiziev,Justin Gaethje,0,1,119,134,68,72,134,163,81,98,0,0,2,0,2,3,40,92,56,20,117,61,9,43,9,52,7,5,8,6,41,49,92,100,26,14,34,14,5,5,8,5,3,300,Lightweight,Decision - Unanimous,Justin Gaethje
2025-03-08,UFC 313: Pereira vs. Ankalaev,Magomed Ankalaev,Alex Pereira,0,0,180,137,94,76,224,159,127,97,0,0,0,0,12,1,342,0,11,36,57,112,17,30,25,39,48,28,55,29,69,75,130,159,7,19,7,21,0,0,0,0,5,300,UFC Light Heavyweight Title,Decision - Unanimous,Magomed Ankalaev
2025-03-08,UFC 313: Pereira vs. Ankalaev,Ozzy Diaz,Djorden Santos,0,0,261,345,135,131,262,348,136,134,0,0,0,1,0,3,0,26,115,119,323,240,8,9,14,13,8,7,8,8,130,130,342,255,0,5,1,6,1,0,2,0,3,300,Middleweight,Decision - Unanimous,Ozzy Diaz
2025-03-08,UFC 313: Pereira vs. Ankalaev,Ignacio Bahamondes,Jalin Turner,0,0,16,20,10,7,23,25,17,11,1,0,0,0,1,0,0,103,4,7,16,13,2,0,3,0,1,3,1,3,5,6,12,11,0,0,1,0,2,4,7,5,1,149,Lightweight,Submission,Ignacio Bahamondes
2025-03-08,UFC 313: Pereira vs. Ankalaev,Mauricio Ruffy,King Green,1,0,9,15,4,4,9,15,4,4,0,0,0,0,0,0,3,0,1,4,7,7,1,0,3,0,2,0,5,2,4,4,15,9,0,0,0,0,0,0,0,0,1,127,Lightweight,KO/TKO,Mauricio Ruffy
2025-03-15,UFC Fight Night: Vettori vs. Dolidze 2,Josias Musasa,Carlos Vera,0,1,31,24,13,16,31,26,13,18,0,2,0,0,1,2,10,14,3,3,10,13,3,0,3,2,10,10,11,16,16,13,24,31,0,0,0,0,0,0,0,0,1,196,Bantamweight,Submission,Carlos Vera
2025-03-15,UFC Fight Night: Vettori vs. Dolidze 2,Carli Judice,Yuneisy Duben,1,0,43,41,17,14,45,41,19,14,0,0,0,0,0,0,2,0,8,12,32,34,0,5,0,9,6,0,9,0,14,15,41,40,0,0,0,0,0,2,0,3,1,100,Women's Flyweight,KO/TKO,Carli Judice
2025-03-15,UFC Fight Night: Vettori vs. Dolidze 2,Priscila Cachoeira,Josiane Nunes,1,0,76,67,37,31,78,67,39,31,0,0,0,0,0,1,2,0,17,31,49,70,7,4,11,4,7,2,7,2,31,37,67,75,0,0,0,0,0,0,0,1,1,166,Women's Bantamweight,KO/TKO,Priscila Cachoeira
2025-03-15,UFC Fight Night: Vettori vs. Dolidze 2,Sam Hughes,Stephanie Luciano,0,0,152,251,76,82,233,273,146,101,1,0,3,1,8,2,261,75,45,43,202,113,23,15,34,20,14,18,15,19,79,69,246,144,3,3,5,4,0,4,0,4,3,300,Women's Strawweight,Decision - Split,Sam Hughes
2025-03-15,UFC Fight Night: Vettori vs. Dolidze 2,Andre Lima,Daniel Barez,0,0,159,79,108,33,220,80,161,34,1,0,2,1,2,5,290,17,21,59,66,99,8,23,9,27,4,26,4,33,32,90,77,140,1,16,2,17,0,2,0,2,3,185,Flyweight,Submission,Andre Lima
2025-03-15,UFC Fight Night: Vettori vs. Dolidze 2,Ryan Spann,Waldo Cortes-Acosta,0,1,86,111,23,66,87,123,24,77,0,0,0,0,2,1,5,57,56,11,97,70,4,5,6,9,6,7,8,7,59,22,100,85,1,1,2,1,6,0,9,0,2,288,Heavyweight,KO/TKO,Waldo Cortes-Acosta
2025-03-15,UFC Fight Night: Vettori vs. Dolidze 2,Cody Gibson,Da'Mon Blackshear,0,0,71,39,45,13,82,74,53,46,0,3,1,0,5,1,162,212,11,23,35,47,2,12,4,14,0,10,0,10,11,31,37,53,2,14,2,18,0,0,0,0,2,249,Bantamweight,Submission,Da'Mon Blackshear
2025-03-15,UFC Fight Night: Vettori vs. Dolidze 2,AJ Cunningham,SuYoung You,0,0,52,32,16,18,55,96,19,77,1,1,0,5,0,10,0,474,8,11,21,45,5,1,5,1,5,4,6,6,18,16,31,52,0,0,0,0,0,0,1,0,3,300,Bantamweight,Decision - Unanimous,SuYoung You
2025-03-15,UFC Fight Night: Vettori vs. Dolidze 2,Kevin Vallejos,SeungWoo Choi,1,0,27,44,14,16,39,44,26,16,0,0,0,0,0,0,5,0,4,4,20,12,1,3,8,6,11,7,16,9,16,13,44,26,0,0,0,0,0,1,0,1,1,189,Featherweight,KO/TKO,Kevin Vallejos
2025-03-15,UFC Fight Night: Vettori vs. Dolidze 2,Brendson Ribeiro,Diyar Nurgozhay,1,0,58,39,28,17,60,42,29,20,1,0,0,2,1,2,14,49,5,13,21,35,7,5,13,10,5,10,5,13,16,28,36,58,1,0,3,0,0,0,0,0,2,88,Light Heavyweight,Submission,Brendson Ribeiro
2025-03-15,UFC Fight Night: Vettori vs. Dolidze 2,Kurt Holobaugh,Alexander Hernandez,0,0,171,149,71,59,215,186,106,87,1,0,0,4,0,5,32,399,36,39,117,122,10,21,15,35,13,11,17,14,45,63,129,160,2,8,3,11,12,0,17,0,3,300,Lightweight,Decision - Unanimous,Alexander Hernandez
2025-03-15,UFC Fight Night: Vettori vs. Dolidze 2,Elizeu Zaleski dos Santos,Chidi Njokuani,0,1,49,87,17,46,54,88,19,46,0,0,1,0,5,0,74,10,17,5,38,28,16,2,32,5,13,10,17,16,36,13,71,44,2,4,3,5,8,0,13,0,2,139,Welterweight,KO/TKO,Chidi Njokuani
2025-03-15,UFC Fight Night: Vettori vs. Dolidze 2,Roman Dolidze,Marvin Vettori,0,0,338,220,141,111,340,221,141,112,0,0,0,0,1,0,15,0,72,85,173,253,8,20,11,36,31,36,36,49,110,137,218,332,1,4,2,6,0,0,0,0,5,300,Middleweight,Decision - Unanimous,Roman Dolidze
2025-03-22,UFC Fight Night: Edwards vs. Brady,Carlos Ulberg,Jan Blachowicz,0,0,157,131,75,59,157,131,75,59,0,0,0,0,1,1,8,0,17,19,67,87,10,6,26,15,32,50,38,55,59,74,131,156,0,1,0,1,0,0,0,0,3,300,Light Heavyweight,Decision - Unanimous,Carlos Ulberg
2025-03-22,UFC Fight Night: Edwards vs. Brady,Alexia Thainara,Molly McCann,0,0,21,21,11,9,32,28,17,14,2,0,1,0,1,0,204,0,6,7,17,13,2,1,3,2,1,3,1,6,4,6,11,14,0,0,0,0,5,5,10,7,1,272,Women's Strawweight,Submission,Alexia Thainara
2025-03-22,UFC Fight Night: Edwards vs. Brady,Kevin Holland,Gunnar Nelson,1,0,89,24,55,15,178,44,138,30,0,1,0,3,1,10,64,569,10,30,19,57,4,15,4,20,1,10,1,12,2,15,7,34,7,22,8,27,6,18,9,28,3,300,Welterweight,Decision - Unanimous,Kevin Holland
2025-03-22,UFC Fight Night: Edwards vs. Brady,Chris Padilla,Jai Herbert,0,0,98,122,39,38,147,143,88,59,0,0,0,0,6,1,221,1,19,20,92,60,10,6,19,9,9,13,11,29,37,35,120,94,1,4,2,4,0,0,0,0,3,300,Lightweight,Decision - Split,Chris Padilla
2025-03-22,UFC Fight Night: Edwards vs. Brady,Chris Duncan,Jordan Vucenic,1,0,40,26,15,16,50,32,24,22,1,0,4,1,5,2,337,12,13,9,21,31,1,5,1,5,2,1,4,4,12,8,22,30,2,1,2,2,2,6,2,8,2,222,Lightweight,Submission,Chris Duncan
2025-03-22,UFC Fight Night: Edwards vs. Brady,Caolan Loughran,Nathan Fletcher,0,0,84,100,30,59,128,158,65,114,0,0,6,1,12,7,358,254,41,22,79,67,12,7,15,13,6,1,6,4,25,24,57,75,33,6,40,9,1,0,3,0,3,300,Bantamweight,Decision - Split,Caolan Loughran
2025-03-22,UFC Fight Night: Edwards vs. Brady,Felipe dos Santos,Lone'er Kavanagh,0,0,104,97,51,58,147,112,92,71,1,0,0,4,3,6,56,393,37,28,71,67,11,9,15,21,10,14,11,16,29,28,56,77,3,4,6,4,26,19,35,23,3,300,Flyweight,Decision - Unanimous,Lone'er Kavanagh
2025-03-22,UFC Fight Night: Edwards vs. Brady,Sean Brady,Leon Edwards,0,0,93,35,57,23,295,35,221,23,1,0,5,0,7,1,670,15,10,44,21,76,11,8,12,9,2,5,2,8,11,19,23,53,12,7,12,7,0,31,0,33,4,99,Welterweight,Submission,Sean Brady
2025-03-22,UFC Fight Night: Edwards vs. Brady,Kaue Fernandes,Guram Kutateladze,2,0,149,71,79,29,149,81,79,36,0,0,2,0,2,5,103,5,16,40,51,103,10,16,15,19,3,23,5,27,23,62,64,127,6,5,7,5,0,12,0,17,3,300,Lightweight,Decision - Unanimous,Kaue Fernandes
2025-03-22,UFC Fight Night: Edwards vs. Brady,Puja Tomar,Shauna Bannon,1,0,72,104,36,52,74,117,38,64,0,2,0,0,0,0,67,59,16,22,37,51,24,10,46,12,12,4,21,9,49,27,99,60,3,2,5,4,0,7,0,8,2,202,Women's Strawweight,Submission,Shauna Bannon
2025-03-22,UFC Fight Night: Edwards vs. Brady,Morgan Charriere,Nathaniel Wood,0,1,94,119,42,72,125,136,69,89,0,1,1,0,3,0,204,60,42,21,80,64,5,13,8,18,25,8,31,12,62,37,104,87,3,3,4,3,7,2,11,4,3,300,Featherweight,Decision - Unanimous,Nathaniel Wood
2025-03-22,UFC Fight Night: Edwards vs. Brady,Mick Parkin,Marcin Tybura,0,0,145,155,60,61,192,158,102,64,0,0,1,1,1,2,223,61,28,47,110,130,29,1,40,2,4,12,5,13,60,49,151,118,1,2,4,2,0,9,0,25,3,300,Heavyweight,Decision - Unanimous,Marcin Tybura
2025-03-22,UFC Fight Night: Edwards vs. Brady,Andrey Pulyaev,Christian Leroy Duncan,0,0,55,141,18,73,78,187,36,116,0,0,0,0,4,2,109,336,35,8,87,43,17,7,28,8,21,3,26,4,47,14,105,48,26,4,36,7,0,0,0,0,3,300,Middleweight,Decision - Unanimous,Christian Leroy Duncan
2025-03-29,UFC Fight Night: Moreno vs. Erceg,Austin Hubbard,MarQuel Mederos,0,0,65,68,26,44,121,81,62,57,1,0,2,0,9,1,454,93,21,16,41,51,7,6,7,9,16,4,20,5,32,22,55,60,4,3,4,3,8,1,9,2,3,300,Lightweight,Decision - Split,MarQuel Mederos
2025-03-29,UFC Fight Night: Moreno vs. Erceg,Steve Erceg,Brandon Moreno,0,0,279,176,116,89,282,182,119,95,0,0,0,1,0,5,0,85,59,90,138,237,18,11,25,24,12,15,13,18,87,115,174,278,2,1,2,1,0,0,0,0,5,300,Flyweight,Decision - Unanimous,Brandon Moreno
2025-03-29,UFC Fight Night: Moreno vs. Erceg,Vince Morales,Raul Rosas Jr.,0,0,31,39,17,20,53,46,39,26,2,0,1,4,1,8,134,578,12,15,30,28,5,2,5,3,3,0,4,0,16,16,34,30,0,0,0,0,4,1,5,1,3,300,Bantamweight,Decision - Unanimous,Raul Rosas Jr.
2025-03-29,UFC Fight Night: Moreno vs. Erceg,Drew Dober,Manuel Torres,0,1,9,25,3,23,9,25,3,23,0,0,0,0,0,0,0,10,21,2,23,5,2,0,2,3,0,1,0,1,7,3,9,9,0,0,0,0,16,0,16,0,1,105,Lightweight,KO/TKO,Manuel Torres
2025-03-29,UFC Fight Night: Moreno vs. Erceg,CJ Vergara,Edgar Chairez,0,0,13,27,6,8,13,27,6,8,0,1,0,0,0,0,0,16,8,1,25,2,0,0,0,3,0,5,2,8,7,6,25,13,1,0,1,0,0,0,1,0,1,150,Flyweight,Submission,Edgar Chairez
2025-03-29,UFC Fight Night: Moreno vs. Erceg,Saimon Oliveira,David Martinez,0,1,24,41,7,27,24,42,7,28,0,0,0,0,0,1,0,42,21,3,34,17,1,3,2,4,5,1,5,3,14,7,25,23,5,0,5,1,8,0,11,0,1,278,Bantamweight,KO/TKO,David Martinez
2025-03-29,UFC Fight Night: Moreno vs. Erceg,Kevin Borjas,Ronaldo Rodriguez,1,0,141,151,83,64,142,151,84,64,0,0,0,1,0,5,2,57,31,72,110,129,11,6,16,7,22,5,25,5,63,78,149,135,1,3,2,4,0,2,0,2,3,300,Flyweight,Decision - Unanimous,Kevin Borjas
2025-03-29,UFC Fight Night: Moreno vs. Erceg,Ateba Gautier,Jose Medina,1,0,50,33,28,17,50,33,28,17,0,0,0,0,0,0,0,0,6,24,21,43,6,3,7,6,5,1,5,1,17,26,33,48,0,2,0,2,0,0,0,0,1,212,Middleweight,KO/TKO,Ateba Gautier
2025-03-29,UFC Fight Night: Moreno vs. Erceg,Julia Polastri,Loopy Godinez,0,0,151,150,87,84,186,184,117,114,0,0,0,5,0,11,19,450,71,58,135,112,9,14,11,23,4,15,4,16,75,78,141,135,7,4,7,4,2,5,2,12,3,300,Women's Strawweight,Decision - Unanimous,Loopy Godinez
2025-03-29,UFC Fight Night: Moreno vs. Erceg,Melquizael Costa,Christian Rodriguez,0,0,105,98,65,64,208,113,159,77,1,1,1,6,2,15,293,408,36,39,69,72,23,19,24,25,5,7,5,8,29,19,53,47,26,17,31,23,9,29,14,35,3,300,Featherweight,Decision - Unanimous,Melquizael Costa
2025-03-29,UFC Fight Night: Moreno vs. Erceg,Vinc Pichel,Rafa Garcia,0,0,182,120,79,64,191,136,88,76,0,0,0,2,3,6,1,135,49,32,102,116,12,27,14,43,3,20,4,23,59,74,114,174,4,4,5,7,1,1,1,1,3,300,Lightweight,Decision - Unanimous,Rafa Garcia
2025-03-29,UFC Fight Night: Moreno vs. Erceg,Gabriel Miranda,Jamall Emmers,0,2,35,54,18,33,37,56,20,35,1,0,2,0,4,0,85,49,24,10,45,24,7,5,7,7,2,3,2,4,26,16,47,32,3,2,3,3,4,0,4,0,1,246,Featherweight,KO/TKO,Jamall Emmers
2025-04-05,UFC Fight Night: Emmett vs. Murphy,ChangHo Lee,Cortavious Romious,0,0,74,24,44,11,179,27,116,14,1,0,2,2,4,3,338,128,7,42,19,70,1,2,2,4,3,0,3,0,11,7,24,24,0,0,0,0,0,37,0,50,2,228,Bantamweight,KO/TKO,ChangHo Lee
2025-04-05,UFC Fight Night: Emmett vs. Murphy,Pedro Falcao,Victor Henry,0,1,117,151,57,73,133,227,69,139,0,0,4,2,13,3,178,250,44,34,115,91,21,11,27,13,8,12,9,13,57,55,127,114,9,2,14,3,7,0,10,0,3,300,Bantamweight,Decision - Unanimous,Victor Henry
2025-04-05,UFC Fight Night: Emmett vs. Murphy,Daniel Frunza,Rhys McKee,0,3,117,111,43,43,124,133,50,59,0,0,0,0,0,0,0,70,33,31,99,98,6,3,8,9,4,9,4,10,38,37,101,107,3,6,8,10,2,0,2,0,1,300,Welterweight,TKO - Doctor's Stoppage,Rhys McKee
2025-04-05,UFC Fight Night: Emmett vs. Murphy,Istela Nunes,Loma Lookboonmee,0,0,62,76,36,32,82,170,51,111,0,0,0,3,1,5,195,274,12,7,41,26,13,11,25,13,7,18,10,23,28,33,70,58,4,3,4,3,0,0,2,1,3,300,Women's Strawweight,Decision - Unanimous,Loma Lookboonmee
2025-04-05,UFC Fight Night: Emmett vs. Murphy,Dione Barbosa,Diana Belbita,0,0,50,69,27,20,58,72,35,23,1,0,1,0,1,0,58,0,6,23,43,46,6,2,17,2,8,2,9,2,20,25,69,48,0,2,0,2,0,0,0,0,1,253,Women's Flyweight,Submission,Dione Barbosa
2025-04-05,UFC Fight Night: Emmett vs. Murphy,Gerald Meerschaert,Brad Tavares,0,0,83,109,38,47,97,118,51,56,0,0,0,0,8,0,284,1,29,27,85,66,12,7,18,10,6,4,6,7,45,36,105,79,2,2,4,4,0,0,0,0,3,300,Middleweight,Decision - Unanimous,Brad Tavares
2025-04-05,UFC Fight Night: Emmett vs. Murphy,Luis Gurule,Ode Osbourne,0,1,34,43,12,18,49,50,26,22,0,0,1,0,4,0,137,7,11,3,33,13,6,0,9,7,1,9,1,14,14,11,37,32,0,1,1,2,4,0,5,0,2,114,Flyweight,KO/TKO,Ode Osbourne
2025-04-05,UFC Fight Night: Emmett vs. Murphy,Joanderson Brito,Pat Sabatini,0,0,9,31,3,24,46,158,27,135,1,1,0,4,0,5,0,827,22,2,28,6,2,1,3,2,0,0,0,1,2,3,7,9,1,0,1,0,21,0,23,0,3,300,Featherweight,Decision - Unanimous,Pat Sabatini
2025-04-05,UFC Fight Night: Emmett vs. Murphy,Lerone Murphy,Josh Emmett,0,0,157,143,84,41,195,149,117,44,0,0,0,4,0,11,6,219,29,37,124,90,6,17,11,30,6,30,8,37,40,75,133,148,1,9,7,9,0,0,3,0,5,300,Featherweight,Decision - Unanimous,Lerone Murphy
2025-04-05,UFC Fight Night: Emmett vs. Murphy,Robert Valentin,Torrez Finney,0,0,39,8,23,4,126,35,93,17,0,0,0,8,0,17,16,796,2,18,5,32,2,4,3,6,0,1,0,1,1,5,4,19,0,12,1,14,3,6,3,6,3,300,Middleweight,Decision - Split,Torrez Finney
2025-04-05,UFC Fight Night: Emmett vs. Murphy,Talita Alencar,Vanessa Demopoulos,0,0,75,34,45,10,150,63,107,34,1,0,4,0,5,0,758,2,9,39,31,67,1,4,3,4,0,2,0,4,9,13,33,39,0,1,0,1,1,31,1,35,3,300,Women's Strawweight,Decision - Unanimous,Talita Alencar
2025-04-05,UFC Fight Night: Emmett vs. Murphy,Uran Satybaldiev,Martin Buday,0,0,141,107,36,58,154,211,45,142,0,0,0,0,2,1,20,306,29,19,72,120,3,6,4,6,26,11,31,15,49,32,93,137,9,4,14,4,0,0,0,0,3,300,Heavyweight,Decision - Unanimous,Martin Buday
2025-04-12,UFC 314: Volkanovski vs. Lopes,Patricio Freire,Yair Rodriguez,0,1,50,122,17,70,60,157,23,97,1,0,1,1,4,1,63,103,38,8,82,38,18,2,23,4,14,7,17,8,43,17,89,50,2,0,2,0,25,0,31,0,3,300,Featherweight,Decision - Unanimous,Yair Rodriguez
2025-04-12,UFC 314: Volkanovski vs. Lopes,Diego Lopes,Alexander Volkanovski,1,0,194,259,63,158,203,266,71,165,0,0,0,1,0,11,5,78,136,49,225,171,8,7,14,13,14,7,20,10,142,59,237,185,7,3,11,8,9,1,11,1,5,300,UFC Featherweight Title,Decision - Unanimous,Alexander Volkanovski
2025-04-12,UFC 314: Volkanovski vs. Lopes,Chase Hooper,Jim Miller,0,0,44,35,21,13,94,45,59,22,1,2,8,1,14,1,608,99,11,13,30,34,1,7,2,9,1,1,3,1,7,18,28,41,1,1,2,1,5,2,5,2,3,300,Lightweight,Decision - Unanimous,Chase Hooper
2025-04-12,UFC 314: Volkanovski vs. Lopes,Sean Woodson,Dan Ige,0,0,115,107,51,44,121,116,57,53,0,0,0,0,1,2,10,33,28,36,78,98,11,7,20,9,5,8,9,8,41,51,104,115,3,0,3,0,0,0,0,0,3,72,Featherweight,KO/TKO,Dan Ige
2025-04-12,UFC 314: Volkanovski vs. Lopes,Jean Silva,Bryce Mitchell,1,0,63,64,27,36,65,66,29,37,3,0,0,1,0,14,19,103,7,11,25,44,8,13,18,15,21,3,21,4,35,23,61,56,1,3,3,5,0,1,0,2,2,232,Featherweight,Submission,Jean Silva
2025-04-12,UFC 314: Volkanovski vs. Lopes,Michal Oleksiejczuk,Sedriques Dumas,1,0,57,26,34,3,59,26,34,3,0,0,0,0,0,0,18,0,0,27,18,49,2,7,5,8,1,0,3,0,3,13,26,27,0,0,0,0,0,21,0,30,1,169,Middleweight,KO/TKO,Michal Oleksiejczuk
2025-04-12,UFC 314: Volkanovski vs. Lopes,Virna Jandiroba,Yan Xiaonan,0,0,20,44,11,17,131,103,96,64,3,0,3,0,11,0,599,27,13,11,34,20,3,0,7,0,1,0,3,0,12,8,38,16,0,0,0,1,5,3,6,3,3,300,Women's Strawweight,Decision - Unanimous,Virna Jandiroba
2025-04-12,UFC 314: Volkanovski vs. Lopes,Julian Erosa,Darren Elkins,0,0,73,31,54,13,92,45,69,18,0,0,0,1,0,7,48,48,11,52,28,71,1,0,2,0,1,2,1,2,12,22,29,39,0,11,0,12,1,21,2,22,1,255,Featherweight,KO/TKO,Julian Erosa
2025-04-12,UFC 314: Volkanovski vs. Lopes,Mitch Raposo,Sumudaerji,0,0,26,114,9,45,30,150,13,78,0,0,6,0,19,0,258,0,25,8,84,25,5,0,8,0,15,1,22,1,39,8,104,25,6,1,10,1,0,0,0,0,3,300,Flyweight,Decision - Split,Sumudaerji
2025-04-12,UFC 314: Volkanovski vs. Lopes,Marco Tulio,Tresean Gore,2,0,175,60,127,17,195,60,140,17,0,0,0,0,0,0,43,6,10,74,47,120,3,40,5,42,4,13,8,13,17,118,60,161,0,4,0,4,0,5,0,10,2,196,Middleweight,KO/TKO,Marco Tulio
2025-04-12,UFC 314: Volkanovski vs. Lopes,Paddy Pimblett,Michael Chandler,0,0,143,28,80,11,197,39,121,20,0,0,1,4,2,7,281,164,6,61,18,119,3,4,7,5,2,15,3,19,10,43,24,96,0,4,0,5,1,33,4,42,3,187,Lightweight,KO/TKO,Paddy Pimblett
2025-04-12,UFC 314: Volkanovski vs. Lopes,Hailey Cowan,Nora Cornolle,0,0,7,12,3,8,28,32,19,24,0,1,1,0,2,0,264,93,5,2,9,6,1,1,1,1,2,0,2,0,5,2,9,6,3,0,3,0,0,1,0,1,2,112,Women's Bantamweight,Submission,Nora Cornolle
2025-04-12,UFC 314: Volkanovski vs. Lopes,Dominick Reyes,Nikita Krylov,1,0,17,22,8,4,17,22,8,4,0,0,0,0,0,0,2,0,3,5,16,14,1,1,6,1,0,2,0,2,4,6,22,15,0,0,0,0,0,2,0,2,1,144,Light Heavyweight,KO/TKO,Dominick Reyes
2025-04-26,UFC Fight Night: Machado Garry vs. Prates,David Onama,Giga Chikadze,0,0,87,91,49,43,127,127,72,71,0,0,3,0,3,0,375,0,23,29,66,55,8,1,11,6,12,19,14,26,40,38,88,75,2,1,2,1,1,10,1,11,3,300,Featherweight,Decision - Unanimous,David Onama
2025-04-26,UFC Fight Night: Machado Garry vs. Prates,Joselyne Edwards,Chelsea Chandler,0,0,42,23,30,10,47,24,35,11,0,0,1,0,1,0,49,0,6,14,17,23,2,3,4,5,2,13,2,14,9,27,21,39,1,1,2,1,0,2,0,2,1,151,Women's Bantamweight,KO/TKO,Joselyne Edwards
2025-04-26,UFC Fight Night: Machado Garry vs. Prates,Carlos Prates,Ian Machado Garry,0,0,129,242,63,126,132,259,64,141,0,0,0,4,0,19,106,189,86,38,185,97,17,16,28,21,23,9,29,11,120,50,231,114,2,1,6,2,4,12,5,13,5,300,Welterweight,Decision - Unanimous,Ian Machado Garry
2025-04-26,UFC Fight Night: Machado Garry vs. Prates,Abus Magomedov,Michel Pereira,0,0,134,168,78,73,140,169,83,74,0,0,1,0,4,0,61,24,27,53,90,99,27,19,50,29,19,6,28,6,72,72,166,128,1,3,2,3,0,3,0,3,3,300,Middleweight,Decision - Unanimous,Abus Magomedov
2025-04-26,UFC Fight Night: Machado Garry vs. Prates,John Castaneda,Chris Gutierrez,0,1,77,85,41,46,118,112,76,65,0,0,1,0,1,2,290,39,20,16,50,34,5,8,9,13,21,17,26,30,44,36,81,71,0,5,1,6,2,0,3,0,3,300,Featherweight,Decision - Split,Chris Gutierrez
2025-04-26,UFC Fight Night: Machado Garry vs. Prates,Gauge Young,Evan Elder,0,0,183,210,81,115,183,210,81,115,0,0,0,0,1,3,2,16,47,33,127,107,45,33,57,56,23,15,26,20,115,81,210,183,0,0,0,0,0,0,0,0,3,300,Lightweight,Decision - Unanimous,Evan Elder
2025-04-26,UFC Fight Night: Machado Garry vs. Prates,Zhang Mingyang,Anthony Smith,0,0,81,21,63,10,97,22,76,11,0,0,0,0,0,1,88,16,8,42,18,58,2,6,3,8,0,15,0,15,10,35,21,46,0,3,0,4,0,25,0,31,1,243,Light Heavyweight,KO/TKO,Zhang Mingyang
2025-04-26,UFC Fight Night: Machado Garry vs. Prates,Nicolas Dalby,Randy Brown,1,1,74,114,26,54,90,118,40,58,0,0,0,0,0,0,82,3,45,12,103,52,5,1,7,3,4,13,4,19,54,25,114,72,0,0,0,0,0,1,0,2,2,99,Welterweight,KO/TKO,Randy Brown
2025-04-26,UFC Fight Night: Machado Garry vs. Prates,Jimmy Flick,Matt Schnell,0,0,20,61,12,35,60,117,48,88,1,3,5,0,7,0,508,233,33,8,58,13,1,0,1,2,1,4,2,5,12,8,34,16,4,2,4,2,19,2,23,2,3,300,Flyweight,Decision - Unanimous,Matt Schnell
2025-04-26,UFC Fight Night: Machado Garry vs. Prates,Alatengheili,Da'Mon Blackshear,0,0,190,273,61,125,191,275,61,127,0,0,0,0,1,0,18,0,75,34,200,148,37,19,50,34,13,8,23,8,123,60,270,189,2,1,3,1,0,0,0,0,3,300,Bantamweight,Decision - Unanimous,Da'Mon Blackshear
2025-04-26,UFC Fight Night: Machado Garry vs. Prates,Cameron Saaiman,Malcolm Wellmaker,0,1,18,12,9,6,18,12,9,6,0,0,0,0,0,0,0,1,1,1,6,9,4,1,4,2,1,7,2,7,6,9,11,18,0,0,0,0,0,0,1,0,1,119,Bantamweight,KO/TKO,Malcolm Wellmaker
2025-04-26,UFC Fight Night: Machado Garry vs. Prates,Polyana Viana,Jaqueline Amorim,0,0,6,8,0,6,31,43,23,29,0,1,0,2,0,2,0,394,5,0,5,4,0,0,1,2,1,0,2,0,1,0,3,6,0,0,0,0,5,0,5,0,2,109,Women's Strawweight,Submission,Jaqueline Amorim
2025-04-26,UFC Fight Night: Machado Garry vs. Prates,Roberto Romero,Timmy Cuamba,0,1,67,64,35,33,79,66,45,35,0,0,0,1,3,4,139,12,25,5,53,32,6,19,8,22,2,11,3,13,29,29,59,60,3,6,4,7,1,0,1,0,2,235,Featherweight,KO/TKO,Timmy Cuamba
2025-04-26,UFC Fight Night: Machado Garry vs. Prates,Andre Muniz,Ikram Aliskerov,0,1,36,68,16,44,36,80,16,55,0,0,0,0,1,0,0,32,26,6,46,23,10,6,13,9,8,4,9,4,25,16,44,36,1,0,1,0,18,0,23,0,1,294,Middleweight,KO/TKO,Ikram Aliskerov
2025-05-03,UFC Fight Night: Sandhagen vs. Figueiredo,Quang Le,Gaston Bolanos,0,0,14,20,10,5,38,23,33,8,1,0,4,0,7,0,346,0,1,9,11,13,1,1,2,1,3,0,7,0,5,10,20,14,0,0,0,0,0,0,0,0,2,114,Bantamweight,Submission,Quang Le
2025-05-03,UFC Fight Night: Sandhagen vs. Figueiredo,Azamat Bekoev,Ryan Loder,2,0,46,25,23,13,66,27,39,15,0,0,0,0,1,4,64,13,6,21,15,42,7,2,10,4,0,0,0,0,6,17,17,31,7,5,8,11,0,1,0,4,1,164,Middleweight,KO/TKO,Azamat Bekoev
2025-05-03,UFC Fight Night: Sandhagen vs. Figueiredo,Gillian Robertson,Marina Rodriguez,0,0,41,17,16,4,120,20,73,7,0,1,2,0,3,0,321,0,3,12,14,32,1,2,3,6,0,2,0,3,4,6,17,20,0,0,0,0,0,10,0,21,2,127,Women's Strawweight,KO/TKO,Gillian Robertson
2025-05-03,UFC Fight Night: Sandhagen vs. Figueiredo,Don'Tale Mayes,Thomas Petersen,0,0,11,51,3,28,23,166,13,105,0,1,0,9,0,9,0,829,28,1,51,8,0,2,0,3,0,0,0,0,1,3,5,11,1,0,1,0,26,0,45,0,3,300,Heavyweight,Decision - Unanimous,Thomas Petersen
2025-05-03,UFC Fight Night: Sandhagen vs. Figueiredo,Mason Jones,Jeremy Stephens,0,0,231,108,81,42,261,126,104,54,0,0,8,0,12,0,363,11,19,50,79,188,7,19,11,28,16,12,18,15,41,74,105,220,1,5,3,7,0,2,0,4,3,300,Lightweight,Decision - Unanimous,Mason Jones
2025-05-03,UFC Fight Night: Sandhagen vs. Figueiredo,Daniel Marcos,Montel Jackson,0,0,32,66,17,30,43,106,24,67,0,1,3,2,7,8,345,217,25,5,58,18,1,5,3,7,4,7,5,7,27,13,62,27,3,3,4,4,0,1,0,1,3,300,Bantamweight,Decision - Unanimous,Montel Jackson
2025-05-03,UFC Fight Night: Sandhagen vs. Figueiredo,Bo Nickal,Reinier de Ridder,0,1,21,32,8,22,40,104,24,91,0,0,1,0,1,3,144,129,9,2,18,13,13,4,14,5,0,2,0,3,7,3,15,14,15,5,17,7,0,0,0,0,2,113,Middleweight,KO/TKO,Reinier de Ridder
2025-05-03,UFC Fight Night: Sandhagen vs. Figueiredo,Ivana Petrovic,Juliana Miller,0,0,53,55,25,22,87,101,57,54,0,0,1,3,5,9,167,490,11,8,41,33,8,9,11,12,3,8,3,8,16,25,46,53,1,0,3,0,5,0,6,0,3,300,Women's Flyweight,Decision - Unanimous,Juliana Miller
2025-05-03,UFC Fight Night: Sandhagen vs. Figueiredo,Miesha Tate,Yana Santos,0,0,115,117,40,66,204,143,108,87,0,0,1,0,7,1,305,46,37,25,87,88,15,8,16,17,14,7,14,10,47,29,96,100,19,8,21,10,0,3,0,5,3,300,Women's Bantamweight,Decision - Unanimous,Yana Santos
2025-05-03,UFC Fight Night: Sandhagen vs. Figueiredo,Deiveson Figueiredo,Cory Sandhagen,0,0,9,87,6,54,11,149,8,92,0,0,2,2,5,2,31,307,33,4,65,6,2,0,2,0,19,2,20,3,24,4,43,7,0,2,0,2,30,0,44,0,2,248,Bantamweight,KO/TKO,Cory Sandhagen
2025-05-03,UFC Fight Night: Sandhagen vs. Figueiredo,Daniel Rodriguez,Santiago Ponzinibbio,1,0,166,111,66,49,170,115,70,50,0,0,0,1,0,8,8,44,31,39,83,131,6,20,16,25,12,7,12,10,49,64,111,164,0,1,0,1,0,1,0,1,3,72,Welterweight,KO/TKO,Daniel Rodriguez
2025-05-03,UFC Fight Night: Sandhagen vs. Figueiredo,Serhiy Sidey,Cameron Smotherman,0,0,132,134,55,58,149,137,66,61,1,0,5,0,12,0,252,0,43,30,114,98,15,15,20,22,0,10,0,12,53,49,124,122,5,6,10,10,0,0,0,0,3,300,Bantamweight,Decision - Unanimous,Serhiy Sidey
2025-05-10,UFC 315: Muhammad vs. Della Maddalena,Bekzat Almakhan,Brad Katona,1,0,11,4,8,1,11,4,8,1,0,0,0,0,0,0,2,0,1,7,3,10,0,1,0,1,0,0,1,0,1,6,4,9,0,0,0,0,0,2,0,2,1,64,Bantamweight,KO/TKO,Bekzat Almakhan
2025-05-10,UFC 315: Muhammad vs. Della Maddalena,Aiemann Zahabi,Jose Aldo,0,1,199,167,99,68,209,170,109,71,0,0,0,0,0,1,158,2,48,79,135,167,13,14,25,22,7,6,7,10,67,66,166,151,0,8,0,11,1,25,1,37,3,300,Featherweight,Decision - Unanimous,Aiemann Zahabi
2025-05-10,UFC 315: Muhammad vs. Della Maddalena,Manon Fiorot,Valentina Shevchenko,0,1,160,149,71,72,239,251,150,173,0,0,1,2,12,9,427,112,48,29,118,113,7,35,12,37,17,7,19,10,62,40,126,124,7,29,18,33,3,2,5,3,5,300,UFC Women's Flyweight Title,Decision - Unanimous,Valentina Shevchenko
2025-05-10,UFC 315: Muhammad vs. Della Maddalena,Charles Radtke,Mike Malott,0,1,33,61,10,36,33,61,10,36,0,0,0,0,0,0,0,5,21,9,42,31,5,0,9,0,10,1,10,2,28,9,51,31,2,1,3,2,6,0,7,0,2,26,Welterweight,KO/TKO,Mike Malott
2025-05-10,UFC 315: Muhammad vs. Della Maddalena,Kyle Prepolec,Benoit Saint Denis,0,0,27,70,12,54,29,103,14,77,0,2,0,3,1,5,7,332,36,11,51,26,11,1,12,1,7,0,7,0,24,10,33,24,22,2,24,3,8,0,13,0,2,155,Lightweight,Submission,Benoit Saint Denis
2025-05-10,UFC 315: Muhammad vs. Della Maddalena,Ion Cutelaba,Modestas Bukauskas,0,0,130,92,58,44,194,100,121,52,0,0,0,0,4,0,141,86,37,18,85,74,3,16,3,19,4,24,4,37,42,47,90,117,2,11,2,13,0,0,0,0,3,300,Light Heavyweight,Decision - Split,Modestas Bukauskas
2025-05-10,UFC 315: Muhammad vs. Della Maddalena,Jack Della Maddalena,Belal Muhammad,0,0,342,318,178,132,364,349,200,155,0,0,0,3,3,9,40,201,119,113,297,254,11,47,18,65,2,18,3,23,116,167,295,326,14,11,21,16,2,0,2,0,5,300,UFC Welterweight Title,Decision - Unanimous,Jack Della Maddalena
2025-05-10,UFC 315: Muhammad vs. Della Maddalena,Ivan Erslan,Navajo Stirling,0,1,100,225,36,110,129,243,63,124,0,0,0,3,3,5,101,181,54,28,147,90,26,7,40,9,30,1,38,1,84,36,181,100,3,0,4,0,23,0,40,0,3,300,Light Heavyweight,Decision - Unanimous,Navajo Stirling
2025-05-10,UFC 315: Muhammad vs. Della Maddalena,Bruno Silva,Marc-Andre Barriault,0,1,12,24,6,14,12,24,6,14,0,0,0,0,1,0,0,18,11,4,19,10,3,2,4,2,0,0,1,0,4,1,10,6,7,5,10,5,3,0,4,1,1,87,Middleweight,KO/TKO,Marc-Andre Barriault
2025-05-10,UFC 315: Muhammad vs. Della Maddalena,JeongYeong Lee,Daniel Santos,0,0,150,184,68,90,190,213,107,119,0,0,0,6,0,18,0,366,59,40,136,112,18,16,30,24,13,12,18,14,82,65,174,145,1,3,2,4,7,0,8,1,3,300,Featherweight,Decision - Unanimous,Daniel Santos
2025-05-10,UFC 315: Muhammad vs. Della Maddalena,Natalia Silva,Alexa Grasso,0,0,164,139,65,45,173,149,74,54,0,0,0,0,0,2,15,40,28,42,101,137,5,9,15,11,12,14,23,16,43,64,136,162,2,1,3,2,0,0,0,0,3,300,Women's Flyweight,Decision - Unanimous,Natalia Silva
2025-05-10,UFC 315: Muhammad vs. Della Maddalena,Jasmine Jasudavicius,Jessica Andrade,0,0,18,8,11,4,37,8,27,4,1,0,1,0,2,0,72,0,0,9,3,16,0,1,0,1,4,1,5,1,4,8,8,15,0,0,0,0,0,3,0,3,1,160,Women's Flyweight,Submission,Jasmine Jasudavicius
2025-05-17,UFC Fight Night: Burns vs. Morales,Denise Gomes,Elise Reed,1,0,42,21,28,11,86,47,69,35,0,0,3,0,3,0,254,0,5,18,15,29,4,5,4,8,2,5,2,5,10,11,20,20,1,9,1,10,0,8,0,12,2,30,Women's Strawweight,KO/TKO,Denise Gomes
2025-05-17,UFC Fight Night: Burns vs. Morales,Thiago Moises,Jared Gordon,0,1,9,13,5,7,16,36,11,21,0,0,0,1,0,1,0,156,5,3,10,6,0,0,0,1,2,2,3,2,5,5,11,9,0,0,0,0,2,0,2,0,1,217,Lightweight,KO/TKO,Jared Gordon
2025-05-17,UFC Fight Night: Burns vs. Morales,Connor Matthews,Yadier del Valle,0,0,10,12,3,9,10,34,3,28,0,1,0,1,0,1,0,81,4,0,6,5,1,0,1,1,4,3,5,4,6,3,8,10,0,0,0,0,3,0,4,0,1,174,Featherweight,Submission,Yadier del Valle
2025-05-17,UFC Fight Night: Burns vs. Morales,Luana Pinheiro,Tecia Pennington,0,0,110,127,40,63,118,149,46,78,0,0,5,0,10,2,102,44,34,23,82,85,10,5,17,9,19,12,28,16,56,33,109,95,7,7,18,15,0,0,0,0,3,300,Women's Strawweight,Decision - Unanimous,Tecia Pennington
2025-05-17,UFC Fight Night: Burns vs. Morales,Michael Morales,Gilbert Burns,2,0,56,18,33,5,58,18,35,5,0,0,0,1,0,2,10,30,4,31,13,52,0,0,3,0,1,2,2,4,5,25,18,44,0,2,0,3,0,6,0,9,1,219,Welterweight,KO/TKO,Michael Morales
2025-05-17,UFC Fight Night: Burns vs. Morales,Nursulton Ruziboev,Dustin Stoltzfus,0,0,68,37,35,21,94,62,53,41,0,2,1,2,2,5,201,311,5,24,19,53,4,8,6,11,12,3,12,4,19,24,34,52,1,1,2,1,1,10,1,15,3,300,Middleweight,Decision - Unanimous,Nursulton Ruziboev
2025-05-17,UFC Fight Night: Burns vs. Morales,Mairon Santos,Sodiq Yusuff,0,0,83,86,40,36,114,115,71,60,0,0,0,1,0,3,117,122,9,22,44,56,9,10,19,18,18,8,23,9,35,35,84,77,1,5,2,6,0,0,0,0,3,300,Lightweight,Decision - Unanimous,Mairon Santos
2025-05-17,UFC Fight Night: Burns vs. Morales,Matheus Camilo,Gabe Green,0,0,27,27,13,12,48,57,33,36,1,1,2,0,3,0,150,132,4,6,16,16,3,4,4,6,5,3,7,5,10,12,25,24,1,0,1,1,1,1,1,2,2,223,Lightweight,Submission,Gabe Green
2025-05-17,UFC Fight Night: Burns vs. Morales,Melquizael Costa,Julian Erosa,0,0,204,173,102,69,236,202,128,85,1,0,2,3,3,10,23,214,42,67,140,160,18,16,24,22,9,19,9,22,55,99,150,196,13,3,21,7,1,0,2,1,3,300,Featherweight,Decision - Unanimous,Melquizael Costa
2025-05-17,UFC Fight Night: Burns vs. Morales,Tainara Lisboa,Luana Santos,0,0,34,19,6,15,35,57,7,50,0,1,0,2,1,2,0,477,11,3,15,27,2,1,2,5,2,2,2,2,12,6,16,34,1,0,1,0,2,0,2,0,2,299,Women's Bantamweight,Submission,Luana Santos
2025-05-17,UFC Fight Night: Burns vs. Morales,Carlos Hernandez,HyunSung Park,0,0,17,22,4,14,17,27,4,17,0,1,0,1,0,1,0,33,5,2,13,15,6,0,6,0,3,2,3,2,11,4,19,17,3,0,3,0,0,0,0,0,1,146,Flyweight,Submission,HyunSung Park
2025-05-31,UFC Fight Night: Blanchfield vs. Barber,Jordan Leavitt,Kurt Holobaugh,0,0,1,1,1,0,3,9,2,7,1,0,3,0,4,0,87,0,0,1,1,1,0,0,0,0,0,0,0,0,0,1,1,1,0,0,0,0,0,0,0,0,1,99,Lightweight,Submission,Jordan Leavitt
2025-05-31,UFC Fight Night: Blanchfield vs. Barber,Michael Aswell,Bolaji Oki,0,0,309,303,118,136,309,303,118,136,0,0,0,0,0,0,0,0,92,92,243,270,36,19,48,29,8,7,12,10,135,117,300,305,1,1,3,4,0,0,0,0,3,300,Lightweight,Decision - Unanimous,Bolaji Oki
2025-05-31,UFC Fight Night: Blanchfield vs. Barber,Macy Chiasson,Ketlen Vieira,0,0,43,64,22,28,77,174,52,106,0,0,0,0,4,1,33,606,25,8,60,25,3,6,3,9,0,8,1,9,15,20,47,39,5,2,6,4,8,0,11,0,3,300,Women's Featherweight,Decision - Unanimous,Ketlen Vieira
2025-05-31,UFC Fight Night: Blanchfield vs. Barber,Allan Nascimento,Jafel Filho,0,0,24,30,12,14,58,63,30,40,1,1,1,4,6,7,423,380,7,3,20,12,7,4,9,4,0,5,1,8,6,9,20,19,6,1,8,1,2,2,2,4,3,300,Flyweight,Decision - Unanimous,Allan Nascimento
2025-05-31,UFC Fight Night: Blanchfield vs. Barber,Dusko Todorovic,Zachary Reese,0,0,65,108,35,50,109,135,73,73,1,0,4,2,13,3,330,79,21,22,72,50,20,8,23,10,9,5,13,5,43,22,98,50,7,6,10,6,0,7,0,9,3,300,Middleweight,Decision - Unanimous,Zachary Reese
2025-05-31,UFC Fight Night: Blanchfield vs. Barber,Bruno Lopes,Dustin Jacoby,0,1,9,29,3,17,12,30,5,17,0,0,0,0,0,0,0,30,16,1,28,4,0,1,0,2,1,1,1,3,11,2,21,7,6,1,8,2,0,0,0,0,1,110,Light Heavyweight,KO/TKO,Dustin Jacoby
2025-05-31,UFC Fight Night: Blanchfield vs. Barber,Ramiz Brahimaj,Billy Ray Goff,0,0,1,3,1,1,10,4,9,2,1,0,2,0,3,1,102,59,0,0,1,0,1,1,2,1,0,0,0,0,0,0,2,0,1,1,1,1,0,0,0,0,1,196,Welterweight,Submission,Ramiz Brahimaj
2025-05-31,UFC Fight Night: Blanchfield vs. Barber,Ludovit Klein,Mateusz Gamrot,0,0,74,110,24,65,145,224,85,142,0,0,0,6,0,11,23,525,53,10,98,49,7,13,7,23,5,1,5,2,38,23,73,73,3,1,4,1,24,0,33,0,3,300,Lightweight,Decision - Unanimous,Mateusz Gamrot
2025-05-31,UFC Fight Night: Blanchfield vs. Barber,Alice Ardelean,Rayanne dos Santos,0,0,352,225,154,78,359,227,159,79,0,0,1,1,1,6,32,30,67,115,210,300,6,28,10,39,5,11,5,13,75,150,217,344,3,4,8,7,0,0,0,1,3,300,Women's Strawweight,Decision - Unanimous,Alice Ardelean
2025-06-07,UFC 316: Dvalishvili vs. O'Malley 2,Kayla Harrison,Julianna Pena,0,0,54,30,30,9,88,37,59,15,1,0,2,0,3,1,365,0,8,17,29,39,1,9,1,10,0,4,0,5,5,15,26,36,0,6,0,7,4,9,4,11,2,295,UFC Women's Bantamweight Title,Submission,Kayla Harrison
2025-06-07,UFC 316: Dvalishvili vs. O'Malley 2,Kevin Holland,Vicente Luque,0,0,74,46,40,24,78,46,44,24,1,0,1,0,1,1,13,0,14,25,32,58,3,5,6,6,7,10,8,10,24,26,46,56,0,14,0,18,0,0,0,0,2,63,Welterweight,Submission,Kevin Holland
2025-06-07,UFC 316: Dvalishvili vs. O'Malley 2,Patchy Mix,Mario Bautista,0,0,304,302,122,173,304,302,122,173,0,0,0,0,1,0,0,0,96,92,216,265,58,14,66,22,19,16,20,17,172,118,301,299,1,4,1,5,0,0,0,0,3,300,Bantamweight,Decision - Unanimous,Mario Bautista
2025-06-07,UFC 316: Dvalishvili vs. O'Malley 2,Brendson Ribeiro,Azamat Murzakanov,0,1,22,36,8,27,22,38,8,29,0,0,0,0,0,0,0,27,23,3,32,16,4,2,4,2,0,3,0,4,7,8,10,22,0,0,0,0,20,0,26,0,1,205,Light Heavyweight,KO/TKO,Azamat Murzakanov
2025-06-07,UFC 316: Dvalishvili vs. O'Malley 2,Andreas Gustafsson,Khaos Williams,0,0,128,74,98,39,185,134,151,95,0,0,8,0,14,0,574,137,29,67,63,95,10,21,11,23,0,10,0,10,26,27,57,50,13,52,17,57,0,19,0,21,3,300,Welterweight,Decision - Unanimous,Andreas Gustafsson
2025-06-07,UFC 316: Dvalishvili vs. O'Malley 2,Waldo Cortes-Acosta,Serghei Spivac,0,0,235,119,110,48,236,124,111,53,0,0,0,2,0,6,0,145,39,76,109,196,4,16,5,20,5,18,5,19,45,105,115,225,3,5,4,10,0,0,0,0,3,300,Heavyweight,Decision - Unanimous,Waldo Cortes-Acosta
2025-06-07,UFC 316: Dvalishvili vs. O'Malley 2,Sean O'Malley,Merab Dvalishvili,0,0,57,115,31,52,65,215,38,141,0,1,0,5,0,12,0,389,33,14,92,35,13,15,14,19,6,2,9,3,29,30,86,56,8,1,10,1,15,0,19,0,3,282,UFC Bantamweight Title,Submission,Merab Dvalishvili
2025-06-07,UFC 316: Dvalishvili vs. O'Malley 2,JooSang Yoo,Jeka Saragih,1,0,8,4,6,2,8,4,6,2,0,0,0,0,0,0,0,0,2,4,4,6,0,0,0,0,0,2,0,2,2,5,4,7,0,0,0,0,0,1,0,1,1,28,Featherweight,KO/TKO,JooSang Yoo
2025-06-07,UFC 316: Dvalishvili vs. O'Malley 2,Wang Cong,Ariane da Silva,1,0,222,176,143,63,226,178,147,65,0,0,0,0,0,4,16,3,31,75,121,148,20,28,37,31,12,40,18,43,55,127,164,206,8,13,12,13,0,3,0,3,3,300,Women's Flyweight,Decision - Unanimous,Wang Cong
2025-06-07,UFC 316: Dvalishvili vs. O'Malley 2,Mark Choinski,MarQuel Mederos,0,1,114,165,58,110,120,170,64,115,0,0,2,0,11,0,279,38,63,48,108,102,16,7,18,9,31,3,39,3,94,54,146,106,10,2,10,6,6,2,9,2,3,300,Lightweight,Decision - Unanimous,MarQuel Mederos
2025-06-07,UFC 316: Dvalishvili vs. O'Malley 2,Joshua Van,Bruno Silva,3,0,217,149,125,76,241,150,149,77,0,0,0,1,0,6,61,9,37,108,101,196,13,11,19,14,26,6,29,7,73,97,146,177,3,4,3,5,0,24,0,35,3,241,Flyweight,KO/TKO,Joshua Van
2025-06-07,UFC 316: Dvalishvili vs. O'Malley 2,Yanal Ashmouz,Quillan Salkilld,0,0,78,124,41,79,106,135,65,89,0,0,0,8,6,23,128,455,54,31,98,64,18,7,19,11,7,3,7,3,51,22,82,54,15,14,22,17,13,5,20,7,3,300,Lightweight,Decision - Unanimous,Quillan Salkilld
2025-06-07,UFC 316: Dvalishvili vs. O'Malley 2,Joe Pyfer,Kelvin Gastelum,2,0,114,99,57,33,115,100,58,34,0,0,1,0,2,1,31,27,13,44,69,99,11,12,17,14,9,1,13,1,32,51,98,104,1,3,1,3,0,3,0,7,3,300,Middleweight,Decision - Unanimous,Joe Pyfer
2025-06-14,UFC Fight Night: Usman vs. Buckley,Andre Petroski,Edmen Shahbazyan,0,1,84,136,34,53,84,142,34,58,0,0,2,0,6,1,23,15,37,15,103,52,11,13,23,17,5,6,10,15,50,33,129,82,0,1,0,2,3,0,7,0,3,300,Middleweight,Decision - Unanimous,Edmen Shahbazyan
2025-06-14,UFC Fight Night: Usman vs. Buckley,Miranda Maverick,Rose Namajunas,0,1,74,86,25,25,108,118,52,46,1,0,0,2,2,4,108,393,22,14,75,61,3,5,10,6,0,6,1,7,23,25,83,73,1,0,1,1,1,0,2,0,3,300,Women's Flyweight,Decision - Unanimous,Rose Namajunas
2025-06-14,UFC Fight Night: Usman vs. Buckley,Raoni Barcelos,Cody Garbrandt,0,0,85,94,37,28,93,111,43,45,0,0,1,0,11,7,146,46,23,31,85,75,3,0,7,3,2,6,2,7,22,33,86,76,6,4,7,9,0,0,1,0,3,300,Bantamweight,Decision - Unanimous,Raoni Barcelos
2025-06-14,UFC Fight Night: Usman vs. Buckley,Joaquin Buckley,Kamaru Usman,0,0,148,99,44,41,156,243,51,137,0,0,0,4,0,13,0,777,33,29,89,130,8,12,10,15,0,3,0,3,22,41,69,144,2,3,4,4,17,0,26,0,5,300,Welterweight,Decision - Unanimous,Kamaru Usman
2025-06-14,UFC Fight Night: Usman vs. Buckley,Cody Brundage,Mansur Abdul-Malik,0,0,67,73,30,25,67,73,30,25,0,0,0,0,0,0,1,7,17,18,55,49,3,2,13,8,5,10,5,10,18,29,60,66,0,1,0,1,7,0,13,0,3,36,Middleweight,Overturned,
2025-06-14,UFC Fight Night: Usman vs. Buckley,Vanessa Demopoulos,Jamey-Lyn Horth,0,0,119,167,36,101,131,183,44,115,0,0,0,2,5,3,67,154,64,15,123,87,24,17,31,26,13,4,13,6,90,30,153,107,8,6,11,12,3,0,3,0,3,300,Women's Flyweight,Decision - Unanimous,Jamey-Lyn Horth
2025-06-14,UFC Fight Night: Usman vs. Buckley,Rodolfo Bellato,Paul Craig,0,0,20,27,10,17,27,52,16,40,0,0,1,0,1,6,55,34,7,2,16,11,10,2,11,2,0,6,0,7,14,9,23,17,2,0,3,0,1,1,1,3,1,299,Light Heavyweight,Could Not Continue,
2025-06-14,UFC Fight Night: Usman vs. Buckley,Oumar Sy,Alonzo Menifield,0,0,96,86,34,29,99,91,37,34,0,0,1,0,5,0,253,0,17,16,71,69,6,9,8,15,6,9,7,12,29,34,86,96,0,0,0,0,0,0,0,0,3,300,Light Heavyweight,Decision - Unanimous,Alonzo Menifield
2025-06-14,UFC Fight Night: Usman vs. Buckley,Kris Moutinho,Malcolm Wellmaker,0,1,27,39,6,25,28,39,7,25,0,0,0,0,1,0,0,8,11,3,23,23,9,1,10,2,5,2,6,2,22,6,36,26,3,0,3,1,0,0,0,0,1,157,Bantamweight,KO/TKO,Malcolm Wellmaker
2025-06-14,UFC Fight Night: Usman vs. Buckley,Court McGee,Michael Chiesa,0,0,145,160,39,72,158,169,51,81,0,0,0,0,6,2,45,92,47,9,128,95,25,16,32,29,0,14,0,21,52,36,132,140,20,3,28,5,0,0,0,0,3,300,Welterweight,Decision - Unanimous,Michael Chiesa
2025-06-14,UFC Fight Night: Usman vs. Buckley,Cameron Smotherman,Ricky Simon,0,0,99,74,29,34,104,94,33,50,0,0,0,3,0,10,2,553,22,23,62,89,4,5,4,9,8,1,8,1,28,25,62,94,4,4,6,5,2,0,6,0,3,300,Bantamweight,Decision - Unanimous,Ricky Simon
2025-06-14,UFC Fight Night: Usman vs. Buckley,Ange Loosa,Phil Rowe,1,1,106,166,65,85,180,187,130,103,0,0,3,0,7,0,373,10,73,32,149,69,9,13,12,16,3,20,5,21,71,47,146,84,14,10,19,12,0,8,1,10,3,243,Welterweight,KO/TKO,Phil Rowe
2025-06-14,UFC Fight Night: Usman vs. Buckley,Jose Ochoa,Cody Durden,1,0,79,41,30,9,107,47,52,12,0,0,0,2,0,4,13,102,6,18,34,42,1,7,4,28,2,5,3,9,8,24,37,71,0,3,1,5,1,3,3,3,2,11,Flyweight,KO/TKO,Jose Ochoa
2025-06-21,UFC Fight Night: Hill vs. Rountree Jr.,Klaudia Sygula,Irina Alekseeva,0,0,181,178,101,63,248,200,156,74,0,0,1,0,2,0,135,103,35,63,121,133,16,21,31,30,12,17,26,18,58,93,170,171,5,5,8,6,0,3,0,4,3,300,Women's Bantamweight,Decision - Unanimous,Klaudia Sygula
2025-06-21,UFC Fight Night: Hill vs. Rountree Jr.,Azat Maksum,Tagir Ulanbekov,0,0,159,118,62,68,177,134,76,78,0,1,3,0,7,8,56,222,56,40,104,127,11,20,12,30,1,2,2,2,57,45,105,133,11,17,13,26,0,0,0,0,3,300,Flyweight,Decision - Unanimous,Tagir Ulanbekov
2025-06-21,UFC Fight Night: Hill vs. Rountree Jr.,Melissa Mullins,Daria Zhelezniakova,0,0,148,223,64,99,165,228,77,103,0,0,3,0,6,0,175,0,67,43,172,124,32,12,51,14,0,9,0,10,98,61,220,144,1,3,3,3,0,0,0,1,3,300,Women's Bantamweight,Decision - Unanimous,Daria Zhelezniakova
2025-06-21,UFC Fight Night: Hill vs. Rountree Jr.,Mohammed Usman,Hamdy Abdelwahab,0,0,179,123,86,55,179,124,86,55,0,0,0,0,4,1,0,2,34,44,97,123,10,41,13,54,11,1,13,2,55,86,123,179,0,0,0,0,0,0,0,0,3,300,Heavyweight,Decision - Unanimous,Mohammed Usman
2025-06-21,UFC Fight Night: Hill vs. Rountree Jr.,Oban Elliott,Seokhyeon Ko,0,0,31,61,10,33,40,127,19,80,0,1,0,6,2,9,104,615,25,2,51,20,5,6,6,8,3,2,4,3,14,9,32,30,3,1,6,1,16,0,23,0,3,300,Welterweight,Decision - Unanimous,Seokhyeon Ko
2025-06-21,UFC Fight Night: Hill vs. Rountree Jr.,JunYong Park,Ismail Naurdiev,0,0,109,153,45,76,187,164,92,84,1,0,2,1,8,2,399,85,44,41,104,102,25,4,39,7,7,0,10,0,67,38,132,96,8,4,17,10,1,3,4,3,3,300,Middleweight,Decision - Unanimous,JunYong Park
2025-06-21,UFC Fight Night: Hill vs. Rountree Jr.,Bogdan Grad,Muhammad Naimov,0,0,64,54,31,18,88,119,49,70,0,1,3,1,10,3,309,173,11,7,45,30,3,14,3,19,4,10,6,15,16,18,50,46,2,13,4,18,0,0,0,0,3,300,Featherweight,Decision - Unanimous,Muhammad Naimov
2025-06-21,UFC Fight Night: Hill vs. Rountree Jr.,Nikolas Motta,Nazim Sadykhov,1,1,157,150,66,93,168,161,76,102,0,0,0,0,0,1,16,89,60,46,114,136,25,16,27,16,8,4,9,5,58,54,109,135,33,12,38,22,2,0,3,0,2,257,Lightweight,KO/TKO,Nazim Sadykhov
2025-06-21,UFC Fight Night: Hill vs. Rountree Jr.,Rizvan Kuniev,Curtis Blaydes,0,0,108,95,45,56,125,143,58,101,0,0,0,2,0,15,26,321,34,38,71,100,3,4,4,5,19,3,20,3,44,35,82,93,12,10,13,15,0,0,0,0,3,300,Heavyweight,Decision - Split,Curtis Blaydes
2025-06-21,UFC Fight Night: Hill vs. Rountree Jr.,Khalil Rountree Jr.,Jamahal Hill,1,0,181,172,102,69,181,173,102,70,0,0,0,0,0,0,0,0,47,30,142,91,7,42,12,54,15,30,18,36,68,102,170,181,0,0,1,0,1,0,1,0,5,300,Light Heavyweight,Decision - Unanimous,Khalil Rountree Jr.
2025-06-21,UFC Fight Night: Hill vs. Rountree Jr.,Myktybek Orolbai,Tofiq Musayev,0,0,7,6,2,2,25,23,15,17,1,0,3,0,5,0,220,12,0,2,4,7,2,0,2,0,0,0,0,0,2,1,6,4,0,0,0,0,0,1,0,3,1,275,Catch Weight,Submission,Myktybek Orolbai
2025-06-21,UFC Fight Night: Hill vs. Rountree Jr.,Ignacio Bahamondes,Rafael Fiziev,0,0,147,113,50,62,165,141,62,87,0,0,0,4,2,4,73,103,31,23,72,108,25,13,34,17,6,14,7,22,52,47,96,139,5,3,7,8,5,0,10,0,3,300,Lightweight,Decision - Unanimous,Rafael Fiziev
2025-06-28,UFC 317: Topuria vs. Oliveira,Renato Moicano,Beneil Dariush,1,0,61,107,31,56,69,131,38,77,0,0,0,5,3,5,80,353,30,25,73,52,10,4,15,6,16,2,19,3,47,25,95,54,4,4,5,5,5,2,7,2,3,300,Lightweight,Decision - Unanimous,Beneil Dariush
2025-06-28,UFC 317: Topuria vs. Oliveira,Charles Oliveira,Ilia Topuria,0,1,16,29,9,21,18,32,10,24,0,0,0,0,2,0,21,61,17,3,23,8,3,2,3,4,1,4,3,4,18,8,24,14,0,1,0,2,3,0,5,0,1,147,UFC Lightweight Title,KO/TKO,Ilia Topuria
2025-06-28,UFC 317: Topuria vs. Oliveira,Jacobe Smith,Niko Price,0,0,74,61,46,34,101,76,73,46,1,0,2,0,2,2,341,0,19,39,43,66,4,4,7,5,11,3,11,3,27,22,49,41,3,2,4,2,4,22,8,31,2,243,Welterweight,Submission,Jacobe Smith
2025-06-28,UFC 317: Topuria vs. Oliveira,Alvin Hines,Jhonata Diniz,0,0,259,182,82,112,260,182,83,112,0,0,1,0,10,0,5,0,94,56,160,224,3,21,7,29,15,5,15,6,111,80,179,256,1,2,3,3,0,0,0,0,3,300,Heavyweight,Decision - Unanimous,Jhonata Diniz
2025-06-28,UFC 317: Topuria vs. Oliveira,Felipe Lima,Payton Talbott,0,0,58,118,26,59,70,165,37,97,0,0,3,0,15,1,203,289,48,17,103,48,5,6,7,6,6,3,8,4,37,21,93,52,2,3,2,4,20,2,23,2,3,300,Bantamweight,Decision - Unanimous,Payton Talbott
2025-06-28,UFC 317: Topuria vs. Oliveira,Kai Kara-France,Alexandre Pantoja,0,0,67,76,38,42,86,107,57,70,0,2,0,3,2,6,10,440,28,26,61,53,10,8,10,10,4,4,5,4,40,35,74,64,0,1,0,1,2,2,2,2,3,115,UFC Flyweight Title,Submission,Alexandre Pantoja
2025-06-28,UFC 317: Topuria vs. Oliveira,Joshua Van,Brandon Royval,1,0,305,467,204,215,311,468,209,216,0,0,0,0,0,0,9,0,179,138,422,232,22,37,27,43,14,29,18,30,205,181,451,270,10,20,16,27,0,3,0,8,3,300,Flyweight,Decision - Unanimous,Joshua Van
2025-06-28,UFC 317: Topuria vs. Oliveira,Viacheslav Borshchev,Terrance McKinney,0,0,2,2,2,1,2,2,2,1,0,2,0,1,0,1,0,47,1,0,2,0,0,1,0,1,0,1,0,1,0,2,0,2,0,0,0,0,1,0,2,0,1,55,Lightweight,Submission,Terrance McKinney
2025-06-28,UFC 317: Topuria vs. Oliveira,Gregory Rodrigues,Jack Hermansson,1,0,63,55,18,30,63,55,18,30,0,0,0,0,0,1,3,0,24,11,49,54,2,6,2,8,4,1,4,1,30,18,54,63,0,0,1,0,0,0,0,0,1,261,Middleweight,KO/TKO,Gregory Rodrigues
2025-06-28,UFC 317: Topuria vs. Oliveira,Tracy Cortez,Viviane Araujo,0,0,103,51,65,22,143,69,102,39,1,0,3,0,5,0,497,103,16,53,45,82,3,8,3,14,3,4,3,7,19,24,48,53,3,2,3,5,0,39,0,45,3,300,Women's Flyweight,Decision - Unanimous,Tracy Cortez
2025-06-28,UFC 317: Topuria vs. Oliveira,Jose Delgado,Hyder Amil,1,0,11,5,9,3,11,5,9,3,0,0,0,0,1,1,2,0,0,7,2,9,0,2,0,2,3,0,3,0,3,4,5,5,0,2,0,3,0,3,0,3,1,26,Featherweight,KO/TKO,Jose Delgado
2025-07-12,UFC Fight Night: Lewis vs. Teixeira,Tallison Teixeira,Derrick Lewis,0,1,5,17,3,9,5,21,3,10,0,0,0,0,0,0,0,12,8,3,16,5,1,0,1,0,0,0,0,0,2,3,6,5,1,0,2,0,6,0,9,0,1,35,Heavyweight,KO/TKO,Derrick Lewis
2025-07-12,UFC Fight Night: Lewis vs. Teixeira,Mike Davis,Mitch Ramirez,1,0,77,111,47,51,94,118,58,57,2,0,1,0,2,2,262,5,27,29,85,53,8,15,10,20,16,3,16,4,46,44,105,74,5,0,6,0,0,3,0,3,2,248,Lightweight,KO/TKO,Mike Davis
2025-07-12,UFC Fight Night: Lewis vs. Teixeira,Morgan Charriere,Nate Landwehr,1,0,131,155,67,63,131,158,67,65,0,0,2,0,5,0,63,22,54,41,142,100,7,12,9,14,2,14,4,17,63,64,153,124,0,2,2,3,0,1,0,4,3,27,Featherweight,KO/TKO,Morgan Charriere
2025-07-12,UFC Fight Night: Lewis vs. Teixeira,Steve Garcia,Calvin Kattar,1,0,250,123,85,26,250,123,85,26,0,0,0,0,0,0,3,21,21,52,116,208,3,23,5,29,2,10,2,13,26,85,123,249,0,0,0,0,0,0,0,1,3,300,Featherweight,Decision - Unanimous,Steve Garcia
2025-07-12,UFC Fight Night: Lewis vs. Teixeira,Austen Lane,Vitor Petrino,0,0,4,6,3,3,4,22,3,17,0,2,0,1,0,1,0,183,2,0,4,0,0,1,0,2,1,2,2,2,1,3,2,4,0,0,0,0,2,0,4,0,1,256,Heavyweight,Submission,Vitor Petrino
2025-07-12,UFC Fight Night: Lewis vs. Teixeira,Gabriel Bonfim,Stephen Thompson,0,0,72,92,40,42,93,135,55,78,0,0,5,0,14,2,329,28,21,12,61,36,14,5,20,6,7,23,11,30,37,34,83,65,3,6,5,7,2,0,4,0,3,300,Welterweight,Decision - Split,Gabriel Bonfim
2025-07-12,UFC Fight Night: Lewis vs. Teixeira,Melissa Martinez,Fatima Kline,0,1,119,181,44,92,129,187,52,95,0,0,0,0,0,2,32,40,57,23,132,89,26,15,35,18,9,6,14,12,75,44,160,118,12,0,14,1,5,0,7,0,3,156,Women's Strawweight,KO/TKO,Fatima Kline
2025-07-12,UFC Fight Night: Lewis vs. Teixeira,Valter Walker,Kennedy Nzechukwu,0,0,11,0,4,0,11,0,4,0,1,0,1,0,2,0,28,3,0,4,0,11,0,0,0,0,0,0,0,0,0,1,0,4,0,3,0,7,0,0,0,0,1,54,Heavyweight,Submission,Valter Walker
2025-07-12,UFC Fight Night: Lewis vs. Teixeira,Tuco Tokkos,Junior Tafa,0,0,22,38,11,24,57,39,31,25,1,0,5,0,9,0,471,27,21,7,35,17,3,0,3,1,0,4,0,4,6,4,14,9,10,0,10,0,8,7,14,13,2,265,Light Heavyweight,Submission,Tuco Tokkos
2025-07-12,UFC Fight Night: Lewis vs. Teixeira,Chris Curtis,Max Griffin,0,0,155,178,64,59,162,185,71,63,0,0,0,0,1,0,14,63,38,44,147,132,14,18,21,21,7,2,10,2,58,61,175,149,1,3,3,6,0,0,0,0,3,300,Welterweight,Decision - Split,Chris Curtis
2025-07-12,UFC Fight Night: Lewis vs. Teixeira,Chidi Njokuani,Jake Matthews,0,0,10,7,5,3,10,9,5,5,0,1,0,1,0,1,0,29,3,0,7,2,0,3,0,6,0,2,0,2,2,4,5,8,1,1,2,2,0,0,0,0,1,69,Welterweight,Submission,Jake Matthews
2025-07-12,UFC Fight Night: Lewis vs. Teixeira,Eduarda Moura,Lauren Murphy,0,0,235,145,64,38,248,179,74,67,0,2,2,2,3,9,182,63,38,52,144,221,0,1,0,2,0,11,1,12,34,64,140,234,4,0,5,0,0,0,0,1,3,300,Women's Flyweight,Decision - Unanimous,Eduarda Moura
2025-07-19,UFC 318: Holloway vs. Poirier 3,Lukasz Brzeski,Ryan Spann,0,0,8,19,5,8,28,19,23,8,0,2,0,1,0,1,0,134,8,1,19,4,0,0,0,0,0,4,0,4,2,5,10,8,0,0,0,0,6,0,9,0,1,167,Heavyweight,Submission,Ryan Spann
2025-07-19,UFC 318: Holloway vs. Poirier 3,Brendan Allen,Marvin Vettori,0,0,224,253,111,109,233,262,119,115,0,0,3,0,4,0,87,77,98,86,239,194,5,18,7,23,6,7,7,7,99,100,240,210,4,4,5,4,6,7,8,10,3,300,Middleweight,Decision - Unanimous,Brendan Allen
2025-07-19,UFC 318: Holloway vs. Poirier 3,Islam Dulatov,Adam Fugitt,1,0,41,27,21,14,44,29,23,16,0,0,0,0,0,3,2,59,5,17,16,37,2,3,4,3,7,1,7,1,13,16,23,35,1,2,4,3,0,3,0,3,1,246,Welterweight,KO/TKO,Islam Dulatov
2025-07-19,UFC 318: Holloway vs. Poirier 3,Nikolay Veretennikov,Francisco Prado,0,0,105,77,56,47,133,94,84,64,0,1,2,3,6,10,153,409,34,32,58,78,5,21,11,24,8,3,8,3,34,34,62,75,5,15,5,17,8,7,10,13,3,300,Welterweight,Decision - Split,Nikolay Veretennikov
2025-07-19,UFC 318: Holloway vs. Poirier 3,Robert Valentin,Ateba Gautier,0,1,5,37,2,19,5,37,2,19,0,0,0,0,0,0,0,1,16,1,34,3,3,0,3,1,0,1,0,1,16,2,33,5,1,0,1,0,2,0,3,0,1,70,Middleweight,KO/TKO,Ateba Gautier
2025-07-19,UFC 318: Holloway vs. Poirier 3,Marcin Prachnio,Jimmy Crute,0,0,36,18,21,5,54,27,37,11,0,2,0,3,0,6,8,138,5,7,18,21,0,9,0,10,0,5,0,5,4,13,17,28,0,6,0,6,1,2,1,2,1,282,Light Heavyweight,Submission,Jimmy Crute
2025-07-19,UFC 318: Holloway vs. Poirier 3,Patricio Freire,Dan Ige,0,0,97,124,55,47,114,145,71,59,0,0,5,0,9,0,164,8,24,42,93,82,15,9,23,10,8,4,8,5,38,42,109,82,3,9,5,11,6,4,10,4,3,300,Featherweight,Decision - Unanimous,Patricio Freire
2025-07-19,UFC 318: Holloway vs. Poirier 3,Daniel Rodriguez,Kevin Holland,2,1,149,173,77,82,189,207,111,111,0,0,0,1,1,4,214,127,53,49,126,106,13,13,22,26,16,15,25,17,60,54,137,107,17,6,27,7,5,17,9,35,3,300,Welterweight,Decision - Unanimous,Daniel Rodriguez
2025-07-19,UFC 318: Holloway vs. Poirier 3,Roman Kopylov,Paulo Costa,0,1,104,159,48,99,104,162,48,102,0,0,0,0,0,2,0,13,34,29,89,79,41,14,46,20,24,5,24,5,87,48,141,104,3,0,3,0,9,0,15,0,3,300,Middleweight,Decision - Unanimous,Paulo Costa
2025-07-19,UFC 318: Holloway vs. Poirier 3,Vinicius Oliveira,Kyler Phillips,1,0,232,151,96,49,238,156,102,54,0,0,1,0,4,5,140,9,33,52,126,161,13,26,22,50,3,18,3,21,49,79,151,207,0,5,0,7,0,12,0,18,3,300,Bantamweight,Decision - Unanimous,Vinicius Oliveira
2025-07-19,UFC 318: Holloway vs. Poirier 3,Daniel Zellhuber,Michael Johnson,0,1,182,195,52,80,182,196,52,81,0,0,0,0,0,1,8,22,27,19,100,125,42,27,81,48,11,6,14,9,77,50,189,180,0,1,0,1,3,1,6,1,3,300,Lightweight,Decision - Unanimous,Michael Johnson
2025-07-19,UFC 318: Holloway vs. Poirier 3,Jackson McVey,Brunno Ferreira,0,0,15,9,4,7,15,11,4,9,0,1,0,1,1,1,8,67,4,3,5,13,1,1,2,2,2,0,2,0,6,4,8,15,0,0,0,0,1,0,1,0,1,215,Middleweight,Submission,Brunno Ferreira
2025-07-19,UFC 318: Holloway vs. Poirier 3,Nicolle Caliari,Carli Judice,0,1,101,225,32,109,104,235,35,117,0,0,1,0,8,0,60,78,85,26,193,85,24,3,32,12,0,3,0,4,96,30,210,98,10,2,12,3,3,0,3,0,3,90,Women's Flyweight,KO/TKO,Carli Judice
2025-07-19,UFC 318: Holloway vs. Poirier 3,Dustin Poirier,Max Holloway,1,1,255,375,109,198,255,378,109,201,1,0,0,0,1,0,12,92,103,94,253,235,64,6,80,10,31,9,42,10,182,102,351,243,0,3,1,6,16,4,23,6,5,300,Lightweight,Decision - Unanimous,Max Holloway
2025-07-26,UFC Fight Night: Whittaker vs. De Ridder,Marcus Buchecha,Martin Buday,0,0,60,86,24,41,140,150,80,92,0,0,1,0,11,0,305,171,30,14,74,46,5,10,5,14,6,0,7,0,36,16,74,50,4,6,6,8,1,2,6,2,3,300,Heavyweight,Decision - Unanimous,Martin Buday
2025-07-26,UFC Fight Night: Whittaker vs. De Ridder,Billy Elekana,Ibo Aslan,0,0,68,78,35,28,68,80,35,29,0,0,0,0,3,0,0,0,10,18,57,46,8,17,10,21,10,0,11,1,28,35,78,68,0,0,0,0,0,0,0,0,3,300,Light Heavyweight,Decision - Unanimous,Billy Elekana
2025-07-26,UFC Fight Night: Whittaker vs. De Ridder,Marc-Andre Barriault,Shara Magomedov,0,0,77,142,39,93,100,153,60,103,0,0,2,0,6,1,270,57,42,24,82,54,27,13,33,19,24,2,27,4,58,21,93,56,30,18,39,21,5,0,10,0,3,300,Middleweight,Decision - Unanimous,Shara Magomedov
2025-07-26,UFC Fight Night: Whittaker vs. De Ridder,Steven Nguyen,Mohammad Yahya,6,0,174,151,92,57,194,154,108,60,0,0,0,0,0,4,163,5,41,76,126,156,14,4,21,4,2,12,4,14,57,50,151,111,0,7,0,7,0,35,0,56,2,300,Featherweight,KO/TKO,Steven Nguyen
2025-07-26,UFC Fight Night: Whittaker vs. De Ridder,Da'Mon Blackshear,Davey Grant,0,0,74,130,33,66,78,133,36,66,1,0,1,0,5,0,232,19,17,12,67,45,27,7,39,13,22,14,24,16,65,31,128,72,1,1,1,1,0,1,1,1,3,300,Bantamweight,Decision - Unanimous,Davey Grant
2025-07-26,UFC Fight Night: Whittaker vs. De Ridder,Tabatha Ricci,Amanda Ribas,0,0,76,72,34,30,140,122,82,77,0,0,1,1,4,3,251,18,18,23,57,60,5,6,6,10,7,5,9,6,29,20,68,61,1,4,4,5,0,10,0,10,2,179,Women's Strawweight,KO/TKO,Tabatha Ricci
2025-07-26,UFC Fight Night: Whittaker vs. De Ridder,Bogdan Guskov,Nikita Krylov,1,0,43,34,23,16,48,34,28,16,0,0,0,0,0,0,17,0,6,20,20,40,3,1,5,1,7,2,9,2,16,11,34,26,0,0,0,0,0,12,0,17,1,258,Light Heavyweight,KO/TKO,Bogdan Guskov
2025-07-26,UFC Fight Night: Whittaker vs. De Ridder,Carlos Leal,Muslim Salikhov,0,1,9,9,5,3,9,9,5,3,0,0,0,0,0,0,0,0,1,5,4,9,1,0,4,0,1,0,1,0,3,5,9,8,0,0,0,1,0,0,0,0,1,42,Welterweight,KO/TKO,Muslim Salikhov
2025-07-26,UFC Fight Night: Whittaker vs. De Ridder,Said Nurmagomedov,Bryce Mitchell,1,0,32,20,20,13,126,51,100,39,1,0,0,3,0,9,193,584,3,13,6,24,7,5,11,5,3,2,3,3,5,13,11,19,8,1,9,3,0,6,0,10,3,300,Bantamweight,Decision - Unanimous,Bryce Mitchell
2025-07-26,UFC Fight Night: Whittaker vs. De Ridder,Marcus McGhee,Petr Yan,0,0,170,146,64,81,173,202,66,130,0,0,0,1,4,3,30,191,63,44,122,128,10,8,12,18,8,12,12,24,58,62,114,165,23,2,32,5,0,0,0,0,3,300,Bantamweight,Decision - Unanimous,Petr Yan
2025-07-26,UFC Fight Night: Whittaker vs. De Ridder,Reinier de Ridder,Robert Whittaker,0,1,145,142,67,66,282,146,192,70,0,0,2,0,15,0,546,36,62,41,135,105,4,26,7,40,0,0,0,0,51,54,123,128,4,9,5,11,11,4,14,6,5,300,Middleweight,Decision - Split,Reinier de Ridder
2025-07-26,UFC Fight Night: Whittaker vs. De Ridder,Jose Ochoa,Asu Almabayev,0,0,45,42,26,22,151,90,118,55,2,2,1,7,1,16,56,566,12,8,26,19,5,13,11,18,5,5,5,8,13,17,20,33,3,9,6,12,6,0,16,0,3,300,Flyweight,Decision - Unanimous,Asu Almabayev
2025-08-02,UFC Fight Night: Taira vs. Park,Chris Duncan,Mateusz Rebecki,0,0,222,267,92,114,225,278,95,123,0,0,0,2,1,6,27,83,88,67,235,181,7,20,13,35,19,5,19,6,104,85,256,214,10,7,11,8,0,0,0,0,3,300,Lightweight,Decision - Unanimous,Chris Duncan
2025-08-02,UFC Fight Night: Taira vs. Park,Nora Cornolle,Karol Rosa,0,0,47,58,27,33,98,224,75,190,0,2,0,2,0,3,0,685,25,15,47,33,6,4,8,4,2,8,3,10,14,17,35,36,6,10,6,11,13,0,17,0,3,300,Women's Bantamweight,Decision - Unanimous,Karol Rosa
2025-08-02,UFC Fight Night: Taira vs. Park,HyunSung Park,Tatsuro Taira,0,1,9,11,3,7,21,20,15,13,0,1,0,4,0,5,0,281,6,1,10,6,0,0,0,0,1,2,1,3,4,2,7,7,0,0,0,1,3,1,4,1,2,66,Flyweight,Submission,Tatsuro Taira
2025-08-02,UFC Fight Night: Taira vs. Park,Esteban Ribovics,Elves Brener,0,0,281,250,122,118,284,256,123,123,0,0,0,0,0,9,62,0,88,86,211,233,15,23,23,29,15,13,16,19,118,114,248,268,0,0,2,0,0,8,0,13,3,300,Lightweight,Decision - Unanimous,Esteban Ribovics
2025-08-02,UFC Fight Night: Taira vs. Park,Elizeu Zaleski dos Santos,Neil Magny,0,0,42,67,20,42,69,113,42,80,0,0,1,2,5,3,280,79,38,5,61,24,4,4,4,5,0,11,2,13,19,17,43,38,3,3,3,4,20,0,21,0,2,279,Welterweight,KO/TKO,Neil Magny
2025-08-02,UFC Fight Night: Taira vs. Park,Tresean Gore,Rodolfo Vieira,0,0,114,159,41,89,125,169,50,96,0,0,0,1,0,14,2,194,51,22,118,88,22,4,25,10,16,15,16,16,87,41,155,114,2,0,4,0,0,0,0,0,3,300,Middleweight,Decision - Unanimous,Rodolfo Vieira
2025-08-02,UFC Fight Night: Taira vs. Park,Nathan Fletcher,Rinya Nakamura,0,1,7,19,3,12,7,19,3,12,0,0,0,0,0,0,0,2,6,0,13,1,4,1,4,1,2,2,2,5,8,3,15,7,0,0,0,0,4,0,4,0,1,62,Bantamweight,KO/TKO,Rinya Nakamura
2025-08-02,UFC Fight Night: Taira vs. Park,Felipe Bunes,Rafael Estevam,0,0,56,70,26,33,75,204,38,128,2,0,0,5,1,9,3,642,22,15,50,39,5,5,14,11,6,6,6,6,25,25,57,54,1,1,1,2,7,0,12,0,3,300,Flyweight,Decision - Unanimous,Rafael Estevam
2025-08-02,UFC Fight Night: Taira vs. Park,John Yannis,Austin Bashi,0,0,5,7,0,2,9,67,2,48,0,1,0,1,0,1,0,173,2,0,7,4,0,0,0,1,0,0,0,0,2,0,6,5,0,0,0,0,0,0,1,0,1,219,Featherweight,Submission,Austin Bashi
2025-08-02,UFC Fight Night: Taira vs. Park,Ketlen Souza,Piera Rodriguez,0,0,103,150,56,64,139,171,86,81,0,0,0,7,3,10,101,276,28,29,92,72,23,10,37,13,13,17,21,18,48,48,126,92,16,8,24,11,0,0,0,0,3,300,Women's Strawweight,Decision - Split,Piera Rodriguez
2025-08-02,UFC Fight Night: Taira vs. Park,Andrey Pulyaev,Nick Klein,1,0,31,21,23,10,38,33,30,19,0,1,0,4,0,7,2,285,5,15,13,22,5,8,8,9,0,0,0,0,3,12,11,18,7,9,10,11,0,2,0,2,2,91,Middleweight,KO/TKO,Andrey Pulyaev
2025-08-02,UFC Fight Night: Taira vs. Park,Kevin Vallejos,Danny Silva,0,0,229,164,90,69,230,168,90,73,0,0,2,1,5,9,74,22,51,60,135,184,12,27,17,41,6,3,12,4,68,81,160,217,1,9,4,12,0,0,0,0,3,300,Featherweight,Decision - Unanimous,Kevin Vallejos
2025-08-09,UFC Fight Night: Dolidze vs. Hernandez,Eric McConico,Cody Brundage,0,0,72,65,26,31,102,78,54,43,0,0,0,3,0,7,192,328,26,18,57,58,3,7,5,13,2,1,3,1,19,16,45,53,12,10,20,19,0,0,0,0,3,300,Light Heavyweight,Decision - Split,Eric McConico
2025-08-09,UFC Fight Night: Dolidze vs. Hernandez,Priscila Cachoeira,Joselyne Edwards,0,1,50,44,18,26,50,44,18,26,0,0,0,0,0,2,0,1,16,15,29,47,5,1,10,1,5,2,5,2,24,18,42,50,0,0,0,0,2,0,2,0,1,144,Women's Bantamweight,KO/TKO,Joselyne Edwards
2025-08-09,UFC Fight Night: Dolidze vs. Hernandez,Julija Stoliarenko,Gabriella Fernandes,0,0,161,114,61,59,167,114,64,59,0,0,0,0,6,0,74,0,38,28,91,117,15,13,17,20,6,20,6,24,58,56,112,154,1,5,2,7,0,0,0,0,3,300,Women's Flyweight,Decision - Unanimous,Gabriella Fernandes
2025-08-09,UFC Fight Night: Dolidze vs. Hernandez,Gilbert Urbina,Uros Medic,1,1,10,9,5,5,10,10,5,6,0,0,0,0,0,0,2,1,4,3,8,7,1,1,1,2,0,1,0,1,3,5,7,10,1,0,1,0,1,0,1,0,1,63,Welterweight,KO/TKO,Uros Medic
2025-08-09,UFC Fight Night: Dolidze vs. Hernandez,Rafael Cerqueira,Julius Walker,0,1,42,62,19,44,54,120,30,96,0,0,0,6,0,10,27,706,26,15,43,37,9,0,10,1,9,4,9,4,18,19,26,42,4,0,9,0,22,0,27,0,3,300,Light Heavyweight,Decision - Unanimous,Julius Walker
2025-08-09,UFC Fight Night: Dolidze vs. Hernandez,Christian Rodriguez,Andre Fili,0,0,174,182,83,64,190,193,95,74,0,0,1,3,7,5,95,102,52,49,164,130,6,8,10,13,6,26,8,31,62,69,179,157,2,13,3,16,0,1,0,1,3,300,Featherweight,Decision - Split,Andre Fili
2025-08-09,UFC Fight Night: Dolidze vs. Hernandez,Angela Hill,Iasmin Lucindo,0,0,110,151,64,72,129,187,80,100,1,0,0,3,5,7,79,337,56,42,128,84,12,19,19,23,4,3,4,3,57,52,130,92,11,12,17,18,4,0,4,0,3,300,Women's Strawweight,Decision - Unanimous,Iasmin Lucindo
2025-08-09,UFC Fight Night: Dolidze vs. Hernandez,Ode Osbourne,Steve Erceg,0,0,74,53,35,20,89,82,47,39,0,1,1,3,2,10,69,287,10,20,42,53,10,4,11,7,0,11,0,14,12,29,43,68,6,1,8,1,2,5,2,5,3,300,Bantamweight,Decision - Unanimous,Steve Erceg
2025-08-09,UFC Fight Night: Dolidze vs. Hernandez,Christian Leroy Duncan,Eryk Anders,1,0,43,12,24,7,46,24,27,18,0,0,0,1,0,3,39,78,2,9,7,26,4,3,4,4,1,12,1,13,4,20,9,37,3,3,3,3,0,1,0,3,1,233,Middleweight,KO/TKO,Christian Leroy Duncan
2025-08-09,UFC Fight Night: Dolidze vs. Hernandez,Anthony Hernandez,Roman Dolidze,0,0,152,107,91,36,187,110,120,39,1,0,9,0,11,1,468,45,25,67,88,128,4,6,11,6,7,18,8,18,34,48,101,102,2,13,6,18,0,30,0,32,4,165,Middleweight,Submission,Anthony Hernandez
2025-08-09,UFC Fight Night: Dolidze vs. Hernandez,Jean Matsumoto,Miles Johns,0,0,233,184,95,83,249,191,109,89,2,0,0,5,3,8,56,192,70,49,170,160,12,27,13,38,1,19,1,35,78,87,175,224,5,8,8,9,0,0,1,0,3,300,Bantamweight,Decision - Split,Jean Matsumoto
2025-08-09,UFC Fight Night: Dolidze vs. Hernandez,Toshiomi Kazama,Elijah Smith,0,0,0,46,0,37,2,74,2,61,1,0,1,0,1,0,5,229,35,0,44,0,2,0,2,0,0,0,0,0,1,0,3,0,0,0,0,0,36,0,43,0,1,250,Bantamweight,KO/TKO,Elijah Smith
2025-08-16,UFC 319: Du Plessis vs. Chimaev,Eric Nolan,Baisangur Susurkaev,0,0,56,62,22,36,58,89,24,59,0,1,0,2,1,7,17,199,23,17,46,51,7,5,10,5,6,0,6,0,22,18,42,47,2,4,3,9,12,0,17,0,2,121,Middleweight,Submission,Baisangur Susurkaev
2025-08-16,UFC 319: Du Plessis vs. Chimaev,Aaron Pico,Lerone Murphy,0,1,29,16,13,8,30,16,13,8,0,1,2,0,3,0,121,0,4,7,9,23,4,5,6,5,0,1,1,1,6,7,14,21,1,3,1,5,1,3,1,3,1,201,Featherweight,KO/TKO,Lerone Murphy
2025-08-16,UFC 319: Du Plessis vs. Chimaev,Carlos Prates,Geoff Neal,1,0,60,49,32,25,60,50,32,26,0,0,0,0,0,1,0,15,16,17,38,45,4,8,6,8,5,7,5,7,23,32,45,58,2,0,4,2,0,0,0,0,1,299,Welterweight,KO/TKO,Carlos Prates
2025-08-16,UFC 319: Du Plessis vs. Chimaev,Michal Oleksiejczuk,Gerald Meerschaert,1,0,51,16,23,3,51,16,23,3,0,0,0,0,0,3,22,0,2,18,14,46,0,5,0,5,1,0,2,0,3,11,16,31,0,0,0,0,0,12,0,20,1,183,Middleweight,KO/TKO,Michal Oleksiejczuk
2025-08-16,UFC 319: Du Plessis vs. Chimaev,Drakkar Klose,Edson Barboza,0,0,102,120,53,71,209,122,147,73,0,0,0,0,2,0,153,230,26,35,64,78,32,6,38,9,13,12,18,15,57,43,105,89,14,10,15,13,0,0,0,0,3,300,Lightweight,Decision - Unanimous,Drakkar Klose
2025-08-16,UFC 319: Du Plessis vs. Chimaev,Dione Barbosa,Karine Silva,0,0,87,70,31,26,132,154,67,90,1,2,3,1,4,3,318,143,11,11,50,62,9,15,14,19,6,5,6,6,22,26,66,80,4,4,4,5,0,1,0,2,3,300,Women's Flyweight,Decision - Unanimous,Karine Silva
2025-08-16,UFC 319: Du Plessis vs. Chimaev,Michael Page,Jared Cannonier,0,0,55,57,29,20,64,88,36,46,0,0,0,2,1,7,1,494,10,19,45,45,4,8,6,8,6,2,6,2,11,27,45,53,3,2,4,2,6,0,8,0,3,300,Middleweight,Decision - Unanimous,Michael Page
2025-08-16,UFC 319: Du Plessis vs. Chimaev,Loopy Godinez,Jessica Andrade,0,0,213,287,107,90,226,297,119,97,0,0,1,0,14,1,93,17,58,91,242,195,21,12,31,14,11,4,14,4,87,94,279,195,3,11,8,16,0,2,0,2,3,300,Women's Strawweight,Decision - Unanimous,Loopy Godinez
2025-08-16,UFC 319: Du Plessis vs. Chimaev,Alexander Hernandez,Chase Hooper,1,0,38,82,17,20,39,82,18,20,0,0,0,0,0,2,2,5,7,14,62,35,7,3,12,3,6,0,8,0,20,13,81,33,0,0,1,0,0,4,0,5,1,298,Lightweight,KO/TKO,Alexander Hernandez
2025-08-16,UFC 319: Du Plessis vs. Chimaev,Khamzat Chimaev,Dricus Du Plessis,0,0,47,29,37,13,567,68,529,45,0,1,12,1,17,1,1300,53,10,28,24,36,2,3,4,5,1,6,1,6,10,12,25,19,0,0,0,0,3,25,4,28,5,300,UFC Middleweight Title,Decision - Unanimous,Khamzat Chimaev
2025-08-16,UFC 319: Du Plessis vs. Chimaev,Kai Asakura,Tim Elliott,0,0,87,71,21,27,104,88,38,42,0,2,0,2,0,3,1,114,18,17,43,79,2,3,18,7,7,1,10,1,26,21,69,87,0,0,0,0,1,0,2,0,2,279,Flyweight,Submission,Tim Elliott
2025-08-16,UFC 319: Du Plessis vs. Chimaev,Joseph Morales,Alibi Idiris,0,0,63,56,29,28,86,82,44,50,2,0,2,0,5,1,218,64,9,15,35,44,17,13,19,18,2,1,2,1,22,18,48,47,6,9,8,12,0,2,0,4,2,184,Ultimate Fighter 33 Flyweight Tournament Title,Submission,Joseph Morales
2025-08-23,UFC Fight Night: Walker vs. Zhang,Austin Hubbard,Rongzhu,0,0,226,197,75,101,228,201,77,104,0,0,2,0,12,0,62,0,65,43,154,169,21,30,28,54,15,2,15,3,98,71,189,215,3,4,8,10,0,0,0,1,3,300,Lightweight,Decision - Unanimous,Rongzhu
2025-08-23,UFC Fight Night: Walker vs. Zhang,Aljamain Sterling,Brian Ortega,0,0,227,174,124,55,262,225,153,100,0,0,3,0,6,2,235,8,30,77,138,175,20,21,29,26,5,26,7,26,54,100,173,198,0,7,0,7,1,17,1,22,5,300,Catch Weight,Decision - Unanimous,Aljamain Sterling
2025-08-23,UFC Fight Night: Walker vs. Zhang,Zhang Mingyang,Johnny Walker,0,1,47,67,20,50,59,70,28,51,0,0,0,0,0,2,81,80,36,8,49,35,1,6,5,6,13,6,13,6,15,15,26,39,2,4,4,6,33,1,37,2,2,157,Light Heavyweight,KO/TKO,Johnny Walker
2025-08-23,UFC Fight Night: Walker vs. Zhang,Kevin Borjas,Sumudaerji,0,0,44,129,16,73,51,150,23,91,0,0,0,0,5,5,209,17,33,7,75,30,17,5,25,7,23,4,29,7,67,10,121,37,6,6,8,7,0,0,0,0,3,300,Flyweight,Decision - Unanimous,Sumudaerji
2025-08-23,UFC Fight Night: Walker vs. Zhang,Kiefer Crosbie,Taiyilake Nueraji,0,0,3,38,2,27,12,42,11,31,0,0,0,1,1,3,8,191,25,1,35,1,2,1,3,1,0,0,0,1,2,2,3,3,0,0,0,0,25,0,35,0,1,213,Welterweight,KO/TKO,Taiyilake Nueraji
2025-08-23,UFC Fight Night: Walker vs. Zhang,Gauge Young,Maheshate,0,0,200,150,112,66,221,166,131,79,0,0,3,0,6,7,231,12,42,64,118,138,12,23,18,32,12,25,14,30,60,103,143,189,6,8,7,10,0,1,0,1,3,300,Lightweight,Decision - Unanimous,Gauge Young
2025-08-23,UFC Fight Night: Walker vs. Zhang,Westin Wilson,Yizha,0,2,2,18,0,13,2,23,0,17,0,0,0,0,0,0,0,6,10,0,15,1,0,0,0,0,3,0,3,1,9,0,12,2,2,0,3,0,2,0,3,0,1,37,Featherweight,KO/TKO,Yizha
2025-08-23,UFC Fight Night: Walker vs. Zhang,Kyle Daukaus,Michel Pereira,1,0,8,4,5,2,12,4,7,2,0,0,0,0,0,0,7,0,0,5,1,8,2,0,3,0,0,0,0,0,2,1,4,1,0,0,0,0,0,4,0,7,1,43,Middleweight,KO/TKO,Kyle Daukaus
2025-08-23,UFC Fight Night: Walker vs. Zhang,Lone'er Kavanagh,Charles Johnson,0,1,120,81,59,44,121,89,60,52,1,0,1,1,2,5,59,32,18,32,49,83,6,21,10,26,20,6,22,11,37,53,71,111,4,6,6,9,3,0,4,0,2,275,Flyweight,KO/TKO,Charles Johnson
2025-08-23,UFC Fight Night: Walker vs. Zhang,Diyar Nurgozhay,Uran Satybaldiev,0,1,11,9,7,2,19,10,13,3,0,2,1,0,1,0,18,70,1,1,4,3,0,3,4,5,1,3,1,3,2,7,8,11,0,0,0,0,0,0,1,0,1,165,Light Heavyweight,Submission,Uran Satybaldiev
2025-08-23,UFC Fight Night: Walker vs. Zhang,Waldo Cortes-Acosta,Sergei Pavlovich,0,0,117,133,45,61,117,136,45,63,0,0,0,0,0,3,0,8,35,27,104,88,12,4,14,10,14,14,15,19,60,45,131,114,1,0,2,3,0,0,0,0,3,300,Heavyweight,Decision - Unanimous,Sergei Pavlovich
2025-08-23,UFC Fight Night: Walker vs. Zhang,SuYoung You,Xiao Long,0,0,110,214,58,68,120,229,66,81,0,0,0,0,6,0,4,20,53,44,169,94,7,10,21,11,8,4,24,5,38,47,173,95,30,11,41,15,0,0,0,0,3,300,Bantamweight,Decision - Unanimous,SuYoung You
